id,name,tr,state,prov,cat,badge,unesco,lat,lon,ap,apn,fd,apkm,apmin,season,entry,wikiurl
gokceada,Gökçeada (Imbros),Gökçeada,Marmara,Çanakkale,coast,gem,False,40.16083,25.84444,GKD,Gökçeada (GKD),≈5h10,5,5,Jun and Sep — the meltem blows hard all August and ferries stop in winter storms,Free,https://en.wikipedia.org/wiki/Imbros
bozcaada,Bozcaada,Bozcaada,Marmara,Çanakkale,coast,icon,False,39.82194,26.02889,GKD,Gökçeada (GKD),≈5h10,45,45,Jun and Sep — August is a booked-out crush and winter ferries cancel in northerlies,Island free; castle ≈₺150 (≈€4),https://en.wikipedia.org/wiki/Tenedos
enez-ainos,Enez (Ainos),Enez,Marmara,Edirne,ruins,gem,False,40.72222,26.08333,GKD,Gökçeada (GKD),≈5h10,90,85,Jun–Sep for swimming — Saros water stays cold and clear later than the Aegean,Free,https://en.wikipedia.org/wiki/Enez
troy,Troy,Truva (Troya),Marmara,Çanakkale,ruins,icon,True,39.9575,26.23889,CKZ,Çanakkale (CKZ),≈4h50,35,35,Apr–May and Sep–Oct — there is no shade on the mound in July and August,≈€15 · Troy Museum ticketed separately ≈€12 · both covered by Museum Pass Türkiye,https://en.wikipedia.org/wiki/Troy
anzac-cove,Anzac Cove,Arıburnu Koyu,Marmara,Çanakkale,coast,icon,False,40.23611,26.2775,CKZ,Çanakkale (CKZ),≈4h50,20,20,Apr–Jun and Sep–Oct — Anzac Day itself needs a permit and a very early start,Free,https://en.wikipedia.org/wiki/ANZAC_Cove
assos-behramkale,Assos (Behramkale),Assos (Behramkale),Marmara,Çanakkale,ruins,icon,False,39.48778,26.33694,EDO,Balıkesir Koca Seyit (EDO),≈4h50,75,75,May–Jun and Sep — August fills the harbour hotels and the one road down,Acropolis ≈₺200 (≈€5) · covered by Museum Pass Türkiye,https://en.wikipedia.org/wiki/Assos
gallipoli-battlefields,Gallipoli Battlefields,Gelibolu Yarımadası Tarihî Millî Parkı,Marmara,Çanakkale,heritage,icon,False,40.17032,26.36767,CKZ,Çanakkale (CKZ),≈4h50,10,10,"Apr–Jun and Sep–Oct — 25 April is Anzac Day, when the peninsula is sealed and full",Free (all battlefield sites and cemeteries),https://en.wikipedia.org/wiki/Gallipoli_Peninsula_Historical_Site
kilitbahir-castle,Kilitbahir Castle,Kilitbahir Kalesi,Marmara,Çanakkale,heritage,gem,False,40.14766,26.37956,CKZ,Çanakkale (CKZ),≈4h50,5,5,Apr–Jun and Sep–Oct — the strait funnels wind hard in winter,≈₺200 (≈€5) · covered by Museum Pass Türkiye,https://en.wikipedia.org/wiki/Kilitbahir_Castle
adatepe-yesilyurt,Adatepe and Yeşilyurt,Adatepe ve Yeşilyurt,Marmara,Çanakkale,village,gem,False,39.60111,26.40472,EDO,Balıkesir Koca Seyit (EDO),≈4h50,65,65,Apr–Jun and Sep–Oct — the villages are cool when the coast below is not,Villages free; olive oil museum ≈₺100 (≈€2.50),"https://en.wikipedia.org/wiki/Ayvac%C4%B1k,_%C3%87anakkale"
bayezid-ii-complex-edirne,Bayezid II Complex and Health Museum,II. Bayezid Külliyesi Sağlık Müzesi,Marmara,Edirne,heritage,gem,False,41.68583,26.54361,TEQ,Tekirdağ Çorlu (TEQ),≈4h40,170,165,Apr–Jun and Sep–Oct — the riverside floods and turns to mud after winter rain,"≈₺200 (≈€5) — university-run, not on the Museum Pass Türkiye",https://en.wikipedia.org/wiki/Complex_of_Sultan_Bayezid_II
kirkpinar-sarayici,Kırkpınar Oil Wrestling and Sarayiçi,Kırkpınar Yağlı Güreşleri ve Sarayiçi,Marmara,Edirne,heritage,gem,False,41.6906,26.5528,TEQ,Tekirdağ Çorlu (TEQ),≈4h40,170,165,Late Jun–early Jul for the festival; otherwise Apr–Oct for the ruins and the storks,Grounds free; festival ticket ≈₺300 (≈€7),https://en.wikipedia.org/wiki/K%C4%B1rkp%C4%B1nar
edirne,Edirne,Edirne,Marmara,Edirne,city,icon,False,41.67694,26.55556,TEQ,Tekirdağ Çorlu (TEQ),≈4h40,165,160,Apr–Jun and Sep–Oct — the Thracian plain is baking in July and grey in January,Free to walk; museums ≈₺150 (≈€4),https://en.wikipedia.org/wiki/Edirne
selimiye-mosque-edirne,Selimiye Mosque,Selimiye Camii,Marmara,Edirne,heritage,icon,True,41.67806,26.55944,TEQ,Tekirdağ Çorlu (TEQ),≈4h40,165,160,Year-round — winter mornings give the emptiest interior,Free (mosque); Foundation Museum in the medrese ≈₺100 (≈€3),"https://en.wikipedia.org/wiki/Selimiye_Mosque,_Edirne"
canakkale-1915-bridge,1915 Çanakkale Bridge,1915 Çanakkale Köprüsü,Marmara,Çanakkale,drive,icon,False,40.34,26.63611,CKZ,Çanakkale (CKZ),≈4h50,35,35,Year-round — strong northerlies occasionally close it to high-sided vehicles,"Toll ≈₺500 (≈€12) per car, HGS electronic only",https://en.wikipedia.org/wiki/1915_%C3%87anakkale_Bridge
kaz-daglari-mount-ida,Kaz Dağları (Mount Ida),Kaz Dağları,Marmara,Çanakkale,mountain,icon,False,39.7,26.83333,EDO,Balıkesir Koca Seyit (EDO),≈4h50,25,25,"May–Jun for flowers and water, Sep–Oct for the ridge — snow on top Dec–Mar",Free on the Çanakkale forest roads; national park entry from the south ≈₺100 (≈€2.50),https://en.wikipedia.org/wiki/Mount_Ida_(Turkey)
sarkoy-ganos,Şarköy and the Ganos Hills,Şarköy ve Ganos Dağları,Marmara,Tekirdağ,village,gem,False,40.60389,27.10639,CKZ,Çanakkale (CKZ),≈4h50,100,95,"May–Jun and Sep–Oct — harvest is September, and August is a domestic-holiday crush",Free; winery tastings ≈₺300 (≈€7),https://en.wikipedia.org/wiki/%C5%9Eark%C3%B6y
ucmakdere,Uçmakdere,Uçmakdere,Marmara,Tekirdağ,drive,gem,False,40.6408,27.3244,TEQ,Tekirdağ Çorlu (TEQ),≈4h40,95,90,May–Oct — the road is greasy and sometimes blocked by rockfall after winter rain,Free,https://en.wikipedia.org/wiki/%C5%9Eark%C3%B6y
avsa-island,Avşa Island,Avşa Adası,Marmara,Balıkesir,coast,gem,False,40.51194,27.49861,TEQ,Tekirdağ Çorlu (TEQ),≈4h40,100,95,June and September — August is chaos and winter has almost no sailings,Free,https://en.wikipedia.org/wiki/Av%C5%9Fa
tekirdag,Tekirdağ,Tekirdağ,Marmara,Tekirdağ,city,gem,False,40.97778,27.51528,TEQ,Tekirdağ Çorlu (TEQ),≈4h40,50,50,"May–Jun and Sep — August is hot, crowded and the sea inside the bay is not the cleanest",Rákóczi Museum ≈₺60 (≈€1.50),https://en.wikipedia.org/wiki/Tekirda%C4%9F
dupnisa-cave,Dupnisa Cave,Dupnisa Mağarası,Marmara,Kırklareli,water,gem,False,41.84056,27.55611,TEQ,Tekirdağ Çorlu (TEQ),≈4h40,110,105,May–Sep only — closed to visitors through the bat hibernation months,≈₺100 (≈€2.50),https://en.wikipedia.org/wiki/Dupnisa_Cave
yildiz-daglari-strandja,Yıldız Mountains (Strandja),Yıldız Dağları,Marmara,Kırklareli,nature,gem,False,42.0125,27.60861,TEQ,Tekirdağ Çorlu (TEQ),≈4h40,130,125,May–Jun and Sep–Oct — winter fog and mud make the forest roads miserable,Free,https://en.wikipedia.org/wiki/Strandzha
marmara-island,Marmara Island,Marmara Adası,Marmara,Balıkesir,coast,gem,False,40.62,27.63,TEQ,Tekirdağ Çorlu (TEQ),≈4h40,80,75,Jun–Sep — ferries thin out from October and cancel outright in bad weather,Free,https://en.wikipedia.org/wiki/Marmara_Island
vize,Vize,Vize,Marmara,Kırklareli,heritage,gem,False,41.57361,27.76528,TEQ,Tekirdağ Çorlu (TEQ),≈4h40,65,65,Apr–Jun and Sep–Oct — the plateau is windy and bleak in winter,Free,https://en.wikipedia.org/wiki/Vize
erdek,Erdek,Erdek,Marmara,Balıkesir,coast,gem,False,40.39806,27.79139,TEQ,Tekirdağ Çorlu (TEQ),≈4h40,110,105,Jun–Sep — half-shut and grey from November to March,Free,https://en.wikipedia.org/wiki/Erdek
kapidag-peninsula,Kapıdağ Peninsula,Kapıdağ Yarımadası,Marmara,Balıkesir,coast,gem,False,40.45949,27.85172,TEQ,Tekirdağ Çorlu (TEQ),≈4h40,100,95,"May–Jun and Sep–Oct for the loop drive, Jul–Aug for swimming",Free,https://en.wikipedia.org/wiki/Kap%C4%B1da%C4%9F_Peninsula
cyzicus,Cyzicus,Kyzikos,Marmara,Balıkesir,ruins,gem,False,40.3878,27.8706,TEQ,Tekirdağ Çorlu (TEQ),≈4h40,110,105,Apr–Jun and Sep–Oct — by midsummer the site is chest-high in thistle,Free,https://en.wikipedia.org/wiki/Cyzicus
igneada-longoz,İğneada Floodplain Forests,İğneada Longoz Ormanları,Marmara,Kırklareli,nature,gem,False,41.81944,27.95389,TEQ,Tekirdağ Çorlu (TEQ),≈4h40,100,95,"Apr–Jun for flooded forest and birds, Sep–Oct for colour — mosquitoes are serious Jul–Aug",≈₺60 (≈€1.50) per person,https://en.wikipedia.org/wiki/%C4%B0%C4%9Fneada_Floodplain_Forests_National_Park
lake-manyas-bird-paradise,Bird Paradise National Park (Lake Manyas),Kuş Cenneti Millî Parkı,Marmara,Balıkesir,nature,icon,False,40.18333,27.96667,TEQ,Tekirdağ Çorlu (TEQ),≈4h40,140,135,Mar–May and Sep–Oct for migration — the pelicans are on nests from March,≈₺100 (≈€2.50),https://en.wikipedia.org/wiki/Lake_Ku%C5%9F
kiyikoy,Kıyıköy,Kıyıköy,Marmara,Kırklareli,village,gem,False,41.63528,28.09611,TEQ,Tekirdağ Çorlu (TEQ),≈4h40,75,75,"Jun–Sep — the sea here is cold, and Nov–Mar is grey, wet and largely shut",Free,https://en.wikipedia.org/wiki/K%C4%B1y%C4%B1k%C3%B6y
golyazi,Gölyazı,Gölyazı,Marmara,Bursa,village,gem,False,40.1661,28.6782,YEI,Bursa Yenişehir (YEI),≈4h40,100,95,"Mar–May for pelicans and blossom, Sep–Oct for still water",Free,https://en.wikipedia.org/wiki/G%C3%B6lyaz%C4%B1
trilye-zeytinbagi,Trilye (Zeytinbağı),Tirilye,Marmara,Bursa,village,gem,False,40.39222,28.79444,YEI,Bursa Yenişehir (YEI),≈4h40,85,80,Apr–Jun and Sep–Oct — the November olive harvest is the moment to buy oil,Free,https://en.wikipedia.org/wiki/Tirilye
mudanya,Mudanya,Mudanya,Marmara,Bursa,city,gem,False,40.37639,28.88333,YEI,Bursa Yenişehir (YEI),≈4h40,75,75,May–Jun and Sep–Oct — August fills every table with Bursa weekenders,Armistice House ≈₺60 (≈€1.50),https://en.wikipedia.org/wiki/Mudanya
walls-of-constantinople,Theodosian Land Walls,İstanbul Kara Surları,Marmara,İstanbul,ruins,icon,True,41.0122,28.9219,IST,Istanbul (IST),≈2h50,40,40,Apr–May and Oct — high summer means no shade and hard light on the brick,Free,https://en.wikipedia.org/wiki/Walls_of_Constantinople
yedikule-fortress,Yedikule Fortress,Yedikule Hisarı,Marmara,İstanbul,heritage,gem,True,40.99335,28.92309,SAW,Istanbul Sabiha Gökçen (SAW),≈2h45,45,45,Apr–Jun and Sep–Oct — the courtyard is bare and hot in midsummer,Small fee — check locally · usually covered by Museum Pass Türkiye,https://en.wikipedia.org/wiki/Yedikule_Fortress
samatya,Samatya,Samatya,Marmara,İstanbul,city,gem,False,41,28.93333,SAW,Istanbul Sabiha Gökçen (SAW),≈2h45,45,45,Year-round; Apr–Jun and Sep–Oct for square tables outdoors,Free,https://en.wikipedia.org/wiki/Samatya
eyup-sultan-mosque,Eyüp Sultan Mosque,Eyüp Sultan Camii,Marmara,İstanbul,heritage,icon,False,41.04795,28.93379,IST,Istanbul (IST),≈2h50,40,40,Year-round; Ramadan evenings are extraordinary but jammed,"Free · conservative dress expected, this is a pilgrimage site",https://en.wikipedia.org/wiki/Ey%C3%BCp_Sultan_Mosque
pierre-loti-hill,Pierre Loti Hill,Piyer Loti Tepesi,Marmara,İstanbul,mountain,gem,False,41.05278,28.93444,IST,Istanbul (IST),≈2h50,40,40,"Sep–Nov for clear air; hazy and hot Jul–Aug, muddy Jan–Feb",Free · cable car a few lira each way,https://en.wikipedia.org/wiki/Ey%C3%BCp_Cemetery
chora-kariye,Chora Church (Kariye Mosque),Kariye Camii,Marmara,İstanbul,heritage,icon,True,41.03122,28.93903,IST,Istanbul (IST),≈2h50,40,40,Year-round — closed Wednesdays in some seasons; check before travelling out,"≈€20 for foreign visitors · arrangements changed with the 2024 reopening, check on the day",https://en.wikipedia.org/wiki/The_Chora
balat,Balat,Balat,Marmara,İstanbul,city,gem,False,41.0328,28.9456,IST,Istanbul (IST),≈2h50,40,40,Apr–Jun and Sep–Oct; Sunday mornings are quietest,Free · synagogue visits by prior arrangement only,"https://en.wikipedia.org/wiki/Balat,_Fatih"
maglova-aqueduct,Mağlova Aqueduct,Mağlova Kemeri,Marmara,İstanbul,heritage,gem,False,41.1861,28.9469,IST,Istanbul (IST),≈2h50,25,25,Apr–Jun and Sep–Oct; the track in is impassable mud after heavy rain,"Free · open land, no gate",https://en.wikipedia.org/wiki/Ma%C4%9Flova_Aqueduct
bulgarian-st-stephen-church,Bulgarian St Stephen Church,Sveti Stefan Bulgar Kilisesi,Marmara,İstanbul,heritage,gem,False,41.0318,28.9497,IST,Istanbul (IST),≈2h50,40,40,Year-round; morning light comes off the water onto the façade,Free · donation box inside,https://en.wikipedia.org/wiki/Bulgarian_St._Stephen_Church
belgrad-forest,Belgrad Forest,Belgrad Ormanı,Marmara,İstanbul,nature,gem,False,41.19431,28.95138,IST,Istanbul (IST),≈2h50,25,25,Apr–Jun for green and Oct–Nov for colour; winter is muddy but atmospheric,Small entrance fee per person and per car — check locally · Arboretum ticketed separately,https://en.wikipedia.org/wiki/Belgrad_Forest
fener,Fener,Fener,Marmara,İstanbul,city,gem,False,41.02889,28.95194,IST,Istanbul (IST),≈2h50,40,40,Apr–Jun and Sep–Oct; the lanes are treacherous in winter rain,"Free · Patriarchate open most mornings, modest dress",https://en.wikipedia.org/wiki/Fener
zeyrek-mosque-pantokrator,Zeyrek Mosque (Pantokrator Monastery),Zeyrek Camii,Marmara,İstanbul,heritage,gem,True,41.01972,28.95722,SAW,Istanbul Sabiha Gökçen (SAW),≈2h45,40,40,Year-round — the sloping lanes are slippery in winter rain,"Free · working mosque, closed to visitors around prayer times",https://en.wikipedia.org/wiki/Zeyrek_Mosque
golden-horn,The Golden Horn,Haliç,Marmara,İstanbul,water,icon,False,41.02917,28.96111,IST,Istanbul (IST),≈2h50,40,40,Apr–Jun and Sep–Oct — winter southerlies make the small ferries choppy,Free · ferry fare a few lira with an İstanbulkart,https://en.wikipedia.org/wiki/Golden_Horn
suleymaniye-mosque,Süleymaniye Mosque,Süleymaniye Camii,Marmara,İstanbul,heritage,icon,True,41.01611,28.96389,SAW,Istanbul Sabiha Gökçen (SAW),≈2h45,40,40,Year-round; late afternoon in Apr–Jun and Sep–Oct for the terrace light,Free,https://en.wikipedia.org/wiki/S%C3%BCleymaniye_Mosque
grand-bazaar-istanbul,Grand Bazaar,Kapalıçarşı,Marmara,İstanbul,city,icon,False,41.01058,28.96793,SAW,Istanbul Sabiha Gökçen (SAW),≈2h45,40,40,Year-round · closed Sundays and public holidays,Free · closed Sundays,"https://en.wikipedia.org/wiki/Grand_Bazaar,_Istanbul"
rustem-pasha-mosque,Rüstem Pasha Mosque,Rüstem Paşa Camii,Marmara,İstanbul,heritage,gem,False,41.0175,28.96861,SAW,Istanbul Sabiha Gökçen (SAW),≈2h45,40,40,Year-round; late morning light on the porch tiles is best,Free,https://en.wikipedia.org/wiki/R%C3%BCstem_Pasha_Mosque
spice-bazaar-eminonu,Spice Bazaar and Eminönü,Mısır Çarşısı,Marmara,İstanbul,city,icon,False,41.01639,28.97056,SAW,Istanbul Sabiha Gökçen (SAW),≈2h45,40,40,Year-round; mornings before eleven for the food streets,Free,https://en.wikipedia.org/wiki/Spice_Bazaar
karakoy,Karaköy,Karaköy,Marmara,İstanbul,city,gem,False,41.02278,28.975,SAW,Istanbul Sabiha Gökçen (SAW),≈2h45,40,40,Year-round; May–Jun and Sep–Oct for outdoor tables,Free,https://en.wikipedia.org/wiki/Karak%C3%B6y
hippodrome-constantinople,Hippodrome of Constantinople,Sultanahmet Meydanı,Marmara,İstanbul,ruins,icon,True,41.00639,28.97583,SAW,Istanbul Sabiha Gökçen (SAW),≈2h45,40,40,Year-round — best in spring evenings when locals take over the benches,Free,https://en.wikipedia.org/wiki/Hippodrome_of_Constantinople
blue-mosque-sultanahmet,Blue Mosque (Sultan Ahmed Mosque),Sultanahmet Camii,Marmara,İstanbul,heritage,icon,True,41.00539,28.97682,SAW,Istanbul Sabiha Gökçen (SAW),≈2h45,40,40,Apr–Jun and Sep–Oct — the courtyard is a furnace in August afternoons,"Free · modest dress required, headscarves lent at the door","https://en.wikipedia.org/wiki/Blue_Mosque,_Istanbul"
basilica-cistern,Basilica Cistern,Yerebatan Sarnıcı,Marmara,İstanbul,heritage,icon,True,41.00806,28.97778,SAW,Istanbul Sabiha Gökçen (SAW),≈2h45,40,40,Year-round — the single reliable cool refuge in July and August,"≈€25–30 day ticket, night ticket dearer · not covered by the Museum Pass",https://en.wikipedia.org/wiki/Basilica_Cistern
hagia-sophia,Hagia Sophia,Ayasofya-i Kebir Cami-i Şerifi,Marmara,İstanbul,heritage,icon,True,41.00833,28.98,SAW,Istanbul Sabiha Gökçen (SAW),≈2h45,40,40,Nov–Mar for the light and the short queues — May and September mean two-hour lines,"≈€25 for foreign visitors, upper gallery route · not covered by the Museum Pass",https://en.wikipedia.org/wiki/Hagia_Sophia
topkapi-palace,Topkapı Palace,Topkapı Sarayı,Marmara,İstanbul,heritage,icon,True,41.013,28.984,SAW,Istanbul Sabiha Gökçen (SAW),≈2h45,40,40,Apr–May and Oct — closed Tuesdays; July courtyards have almost no shade,≈€45 including the Harem · covered by Museum Pass Türkiye · closed Tuesdays,https://en.wikipedia.org/wiki/Topkap%C4%B1_Palace
dolmabahce-palace,Dolmabahçe Palace,Dolmabahçe Sarayı,Marmara,İstanbul,heritage,icon,False,41.03944,29.00167,SAW,Istanbul Sabiha Gökçen (SAW),≈2h45,40,40,Year-round · closed Mondays; the seaside garden is best in May,"≈€40 combined Selamlık and Harem · National Palaces ticket, not on the Museum Pass · closed Mondays",https://en.wikipedia.org/wiki/Dolmabah%C3%A7e_Palace
karacaahmet-cemetery,Karacaahmet Cemetery,Karacaahmet Mezarlığı,Marmara,İstanbul,heritage,gem,False,41.01111,29.02611,SAW,Istanbul Sabiha Gökçen (SAW),≈2h45,35,35,Year-round; Oct–Nov light through the cypresses is the best of it,"Free · a working cemetery, dress and behave accordingly",https://en.wikipedia.org/wiki/Karacaahmet_Cemetery
kuzguncuk,Kuzguncuk,Kuzguncuk,Marmara,İstanbul,village,gem,False,41.03667,29.02972,SAW,Istanbul Sabiha Gökçen (SAW),≈2h45,35,35,Apr–Jun and Sep–Oct — spring wisteria on the house fronts,Free,https://en.wikipedia.org/wiki/Kuzguncuk
kadikoy,Kadıköy,Kadıköy,Marmara,İstanbul,city,gem,False,40.99339,29.03736,SAW,Istanbul Sabiha Gökçen (SAW),≈2h45,35,35,Apr–Jun and Sep–Oct — Moda's seafront is bleak in a February northerly,Free,https://en.wikipedia.org/wiki/Kad%C4%B1k%C3%B6y
kilyos,Kilyos,Kilyos,Marmara,İstanbul,coast,gem,False,41.24917,29.0375,IST,Istanbul (IST),≈2h50,30,30,Jun–early Sep only; out of season the clubs shut and the wind is raw,Beach club day entry roughly ₺500–1500 (≈€11–33) depending on the club and the day,https://en.wikipedia.org/wiki/Kilyos
beylerbeyi-palace,Beylerbeyi Palace,Beylerbeyi Sarayı,Marmara,İstanbul,heritage,gem,False,41.0425,29.04,SAW,Istanbul Sabiha Gökçen (SAW),≈2h45,35,35,Apr–Jun and Sep–Oct · closed Mondays,"≈€15 · National Palaces ticket, not on the Museum Pass · closed Mondays",https://en.wikipedia.org/wiki/Beylerbeyi_Palace
arnavutkoy-bosphorus,Arnavutköy,Arnavutköy,Marmara,İstanbul,village,gem,False,41.06806,29.04306,SAW,Istanbul Sabiha Gökçen (SAW),≈2h45,40,40,May–Jun and Sep–Oct; the point is windswept from November,Free,https://en.wikipedia.org/wiki/Arnavutk%C3%B6y
muradiye-complex-bursa,Muradiye Complex,Muradiye Külliyesi,Marmara,Bursa,heritage,gem,True,40.19085,29.04614,YEI,Bursa Yenişehir (YEI),≈4h40,60,60,"Apr–Jun for the garden, Oct for the plane leaves",Free,https://en.wikipedia.org/wiki/Muradiye_Complex
kinaliada,Kınalıada,Kınalıada,Marmara,İstanbul,coast,gem,False,40.91306,29.05,SAW,Istanbul Sabiha Gökçen (SAW),≈2h45,30,30,Jun–Sep for swimming; bare and windswept the rest of the year,Free · ferry a few lira with an İstanbulkart · beach clubs charge separately,https://en.wikipedia.org/wiki/K%C4%B1nal%C4%B1ada
rumelihisari,Rumeli Hisarı,Rumelihisarı,Marmara,İstanbul,heritage,icon,False,41.08472,29.05611,SAW,Istanbul Sabiha Gökçen (SAW),≈2h45,40,40,Apr–Jun and Sep–Oct — the slope inside is punishing in July heat,≈€10 · covered by Museum Pass Türkiye · closed Wednesdays in some seasons,https://en.wikipedia.org/wiki/Rumelihisar%C4%B1
bursa-grand-mosque,Grand Mosque of Bursa,Bursa Ulu Camii,Marmara,Bursa,heritage,icon,True,40.18389,29.06167,YEI,Bursa Yenişehir (YEI),≈4h40,55,55,Year-round — coldest and emptiest on January mornings,Free,https://en.wikipedia.org/wiki/Grand_Mosque_of_Bursa
burgazada,Burgazada,Burgazada,Marmara,İstanbul,coast,gem,False,40.8799,29.0618,SAW,Istanbul Sabiha Gökçen (SAW),≈2h45,25,25,Jun–Sep to swim; May and Oct for the loop walk without heat,Free · museum free · ferry a few lira with an İstanbulkart,https://en.wikipedia.org/wiki/Burgazada
cengelkoy,Çengelköy,Çengelköy,Marmara,İstanbul,village,gem,False,41.0491,29.062,SAW,Istanbul Sabiha Gökçen (SAW),≈2h45,35,35,May–Jun and Sep–Oct; the tea garden works year-round with braziers,Free,https://en.wikipedia.org/wiki/%C3%87engelk%C3%B6y
bursa-hanlar-district,Bursa,Bursa,Marmara,Bursa,city,icon,True,40.19722,29.06222,YEI,Bursa Yenişehir (YEI),≈4h40,55,55,Apr–Jun and Sep–Oct — the basin traps haze in high summer and drizzle from December,"Free to walk; mosques free, city museums ≈₺150 (≈€4)",https://en.wikipedia.org/wiki/Bursa
kucuksu-pavilion,Küçüksu Pavilion,Küçüksu Kasrı,Marmara,İstanbul,heritage,gem,False,41.07845,29.06485,SAW,Istanbul Sabiha Gökçen (SAW),≈2h45,35,35,Apr–Jun and Sep–Oct · closed Mondays,"≈€8 · National Palaces ticket, not on the Museum Pass · closed Mondays",https://en.wikipedia.org/wiki/K%C3%BC%C3%A7%C3%BCksu_Pavilion
anadoluhisari,Anadolu Hisarı,Anadoluhisarı,Marmara,İstanbul,heritage,gem,False,41.08194,29.06694,SAW,Istanbul Sabiha Gökçen (SAW),≈2h45,35,35,Apr–Jun and Sep–Oct; the stream mouth is best in morning light,"Free · fortress interior closed, viewed from outside",https://en.wikipedia.org/wiki/Anadoluhisar%C4%B1
camlica-hill,Çamlıca Hill,Çamlıca Tepesi,Marmara,İstanbul,mountain,gem,False,41.0275,29.06833,SAW,Istanbul Sabiha Gökçen (SAW),≈2h45,30,30,Sep–Nov and Mar–May for clear air; summer haze flattens the view,Free · small parking charge,https://en.wikipedia.org/wiki/%C3%87aml%C4%B1ca_Hill
yesil-complex-bursa,Green Mosque and Green Tomb,Yeşil Cami ve Yeşil Türbe,Marmara,Bursa,heritage,icon,True,40.18194,29.07444,YEI,Bursa Yenişehir (YEI),≈4h40,55,55,Year-round — spring light through the tomb's stained glass is the best of it,Free (mosque and tomb); museum in the medrese ≈₺100 (≈€3),"https://en.wikipedia.org/wiki/Green_Mosque,_Bursa"
bosphorus-ferry,The Bosphorus Ferry,Boğaz Vapuru,Marmara,İstanbul,drive,icon,False,41.11944,29.07528,SAW,Istanbul Sabiha Gökçen (SAW),≈2h45,40,40,May–Jun and Sep–Oct; winter crossings are cold and wet on deck but half empty,≈€8 for the full Şehir Hatları round trip · short hops a few lira with an İstanbulkart,https://en.wikipedia.org/wiki/Bosporus
anadolu-kavagi,Anadolu Kavağı and Yoros Castle,Anadolukavağı ve Yoros Kalesi,Marmara,İstanbul,village,gem,False,41.17444,29.08944,IST,Istanbul (IST),≈2h50,40,40,May–Jun and Sep–Oct; fog and wind off the Black Sea from November,Free · the castle is open ground with no gate or ticket,https://en.wikipedia.org/wiki/Anadolukava%C4%9F%C4%B1
heybeliada,Heybeliada,Heybeliada,Marmara,İstanbul,coast,gem,False,40.87778,29.09167,SAW,Istanbul Sabiha Gökçen (SAW),≈2h45,25,25,"Jun–Sep for swimming, May and Oct for walking the ring road","Free · ferry from Kabataş or Bostancı, a few lira with an İstanbulkart",https://en.wikipedia.org/wiki/Heybeliada
buyukada,Büyükada,Büyükada,Marmara,İstanbul,coast,icon,False,40.85778,29.12,SAW,Istanbul Sabiha Gökçen (SAW),≈2h45,20,20,May–Jun and Sep–Oct — July and August are packed; many places shut Nov–Mar,"Free · ferry from Kabataş or Bostancı, a few lira with an İstanbulkart",https://en.wikipedia.org/wiki/B%C3%BCy%C3%BCkada
cinarcik-yalova-coast,Çınarcık and the Yalova Coast,Çınarcık ve Yalova Sahili,Marmara,Yalova,coast,gem,False,40.64222,29.12028,SAW,Istanbul Sabiha Gökçen (SAW),≈2h45,40,40,Jun–Sep for swimming — July and August weekends multiply the population,Free,https://en.wikipedia.org/wiki/%C3%87%C4%B1narc%C4%B1k
cumalikizik,Cumalıkızık,Cumalıkızık,Marmara,Bursa,village,icon,True,40.175,29.17306,YEI,Bursa Yenişehir (YEI),≈4h40,45,45,Apr–Jun and Sep–Oct — raspberry season in June is when the stalls are best,Small fee — check locally,https://en.wikipedia.org/wiki/Cumal%C4%B1k%C4%B1z%C4%B1k
yalova-termal,Yalova Termal,"Termal, Yalova",Marmara,Yalova,water,gem,False,40.60528,29.17444,SAW,Istanbul Sabiha Gökçen (SAW),≈2h45,45,45,Oct–Apr — the point of a hot bath is not August,Kurşunlu Bath ≈₺400 (≈€9) per session,https://en.wikipedia.org/wiki/Termal
polonezkoy,Polonezköy,Polonezköy,Marmara,İstanbul,village,gem,False,41.11,29.21194,SAW,Istanbul Sabiha Gökçen (SAW),≈2h45,30,30,"May–Jun for mulberries, Oct–Nov for the forest colour; midweek always quieter",Free · nature park charges a small entry per car,https://en.wikipedia.org/wiki/Polonezk%C3%B6y
riva,Riva,Riva,Marmara,İstanbul,coast,gem,False,41.22444,29.21889,SAW,Istanbul Sabiha Gökçen (SAW),≈2h45,50,50,Jun–Sep for the beach; the castle walk is best in Apr–May,Free,"https://en.wikipedia.org/wiki/Riva,_Istanbul"
uludag,Uludağ,Uludağ,Marmara,Bursa,mountain,icon,False,40.07057,29.22154,YEI,Bursa Yenişehir (YEI),≈4h40,45,45,"Jan–Mar for snow, Jun–Sep for walking — Apr–May and November are mud and closed lifts",National park vehicle fee ≈₺200 (≈€5) · cable car ≈₺600 (≈€14) return,https://en.wikipedia.org/wiki/Uluda%C4%9F
karaca-arboretum,Karaca Arboretum,Karaca Arboretumu,Marmara,Yalova,nature,gem,False,40.63194,29.22639,SAW,Istanbul Sabiha Gökçen (SAW),≈2h45,40,40,"Apr–May for magnolia and blossom, late Oct–Nov for maple colour",≈₺150 (≈€4),https://en.wikipedia.org/wiki/Karaca_Arboretum
sile,Şile,Şile,Marmara,İstanbul,coast,gem,False,41.17639,29.61278,SAW,Istanbul Sabiha Gökçen (SAW),≈2h45,50,50,Jun–Sep for the sea; the town half closes Nov–Mar and the wind is bitter,Free · beach clubs charge for sunbeds,https://en.wikipedia.org/wiki/%C5%9Eile
iznik,İznik (Nicaea),İznik,Marmara,Bursa,city,icon,False,40.42917,29.72111,YEI,Bursa Yenişehir (YEI),≈4h40,30,30,Apr–Jun and Sep–Oct — the lake plain is humid and still in August,Town free; İznik Museum ≈₺150 (≈€4) · covered by Museum Pass Türkiye,https://en.wikipedia.org/wiki/%C4%B0znik
agva,Ağva,Ağva,Marmara,İstanbul,village,gem,False,41.13333,29.85,SAW,Istanbul Sabiha Gökçen (SAW),≈2h45,70,70,"May–Jun and Sep–Oct — August weekends are booked out, winter is wet and shut","Free · boat trips priced per hour, agree the fare first",https://en.wikipedia.org/wiki/A%C4%9Fva
kartepe,Kartepe,Kartepe,Marmara,Kocaeli,mountain,gem,False,40.73333,29.96667,SAW,Istanbul Sabiha Gökçen (SAW),≈2h45,75,75,"Jan–Mar for snow, Jun–Sep for the summit road — April and May are mud",Road/park entry ≈₺150 (≈€4) per car · day lift pass ≈₺900 (≈€21),https://en.wikipedia.org/wiki/Kartepe
bilecik-seyh-edebali,Bilecik and the Şeyh Edebali Tomb,Bilecik ve Şeyh Edebali Türbesi,Marmara,Bilecik,heritage,gem,False,40.14306,29.97917,YEI,Bursa Yenişehir (YEI),≈4h40,50,50,"Apr–Jun and Sep–Oct — the plateau is cold, windy and often foggy in winter",Free,https://en.wikipedia.org/wiki/Bilecik
osmaneli,Osmaneli,Osmaneli,Marmara,Bilecik,village,gem,False,40.35,30.01667,YEI,Bursa Yenişehir (YEI),≈4h40,50,50,Apr–Jun and Sep–Oct — the valley is humid and heavy in July and August,Free,https://en.wikipedia.org/wiki/Osmaneli
masukiye,Maşukiye,Maşukiye,Marmara,Kocaeli,village,gem,False,40.6539,30.0631,YEI,Bursa Yenişehir (YEI),≈4h40,80,75,May–Oct for the streamside tables — the beech colour in late October is the best week,Free,https://en.wikipedia.org/wiki/Kartepe
sogut,Söğüt,Söğüt,Marmara,Bilecik,heritage,icon,False,40.01861,30.18139,AOE,Eskişehir Hasan Polatkan (AOE),≈4h50,50,50,September for the Ertuğrul commemorations; otherwise Apr–Jun and Sep–Oct,Free,https://en.wikipedia.org/wiki/S%C3%B6%C4%9F%C3%BCt
kerpe,Kerpe,Kerpe,Marmara,Kocaeli,coast,gem,False,41.2381,30.2119,SAW,Istanbul Sabiha Gökçen (SAW),≈2h45,110,105,Jun–Sep — swell shuts the beaches for days at a time and winter is bleak,Free; some beaches charge ≈₺100 (≈€2.50) for a sunbed,https://en.wikipedia.org/wiki/Kand%C4%B1ra
lake-sapanca,Lake Sapanca,Sapanca Gölü,Marmara,Sakarya,water,icon,False,40.71667,30.25,YEI,Bursa Yenişehir (YEI),≈4h40,100,95,Apr–Jun and Sep–Oct — autumn colour on the ridges is the best of it,Free,https://en.wikipedia.org/wiki/Lake_Sapanca
sangarius-bridge,Justinian's Bridge (Sangarius Bridge),Justinianus Köprüsü (Beşköprü),Marmara,Sakarya,heritage,gem,False,40.73743,30.37285,YEI,Bursa Yenişehir (YEI),≈4h40,115,110,"Year-round — spring greens the fields, winter turns the approach track to mud",Free,https://en.wikipedia.org/wiki/Sangarius_Bridge
tarakli,Taraklı,Taraklı,Marmara,Sakarya,village,gem,False,40.39694,30.49278,AOE,Eskişehir Hasan Polatkan (AOE),≈4h50,85,80,"Apr–Jun and Sep–Nov — it snows properly here in winter, which is beautiful and very cold",Free,https://en.wikipedia.org/wiki/Tarakl%C4%B1
acarlar-longoz,Acarlar Floodplain Forest,Acarlar Longozu,Marmara,Sakarya,nature,gem,False,41.10361,30.69361,SAW,Istanbul Sabiha Gökçen (SAW),≈2h45,155,150,"Apr–Jun for high water and birds — Nov–Mar is wet, grey and mostly shut",Small fee — check locally,"https://en.wikipedia.org/wiki/Karasu,_Sakarya"
cesme,Çeşme,Çeşme,Aegean,İzmir,coast,icon,False,38.32444,26.30306,ADB,İzmir Adnan Menderes (ADB),≈2h35,95,90,Jun and Sep are ideal — July and August are gridlocked and the meltemi can blow for a week,"Free · beach clubs charge ₺500–1,500 for a lounger in season",https://en.wikipedia.org/wiki/%C3%87e%C5%9Fme
cesme-castle,Çeşme Castle,Çeşme Kalesi,Aegean,İzmir,heritage,gem,False,38.3236,26.3036,ADB,İzmir Adnan Menderes (ADB),≈2h35,95,90,Apr–Jun and Sep–Oct — the ramparts are shadeless at midday,≈₺200 (≈€5) · covered by Museum Pass Türkiye,https://en.wikipedia.org/wiki/%C3%87e%C5%9Fme_Castle
ilica-cesme,Ilıca Beach,Ilıca Plajı,Aegean,İzmir,coast,gem,False,38.30861,26.35611,ADB,İzmir Adnan Menderes (ADB),≈2h35,90,85,May–Jun and Sep–Oct — the public end is packed solid through August,"Free at the public section · beach clubs ₺400–1,000","https://en.wikipedia.org/wiki/Il%C4%B1ca,_%C3%87e%C5%9Fme"
alacati,Alaçatı,Alaçatı,Aegean,İzmir,village,icon,False,38.28139,26.37417,ADB,İzmir Adnan Menderes (ADB),≈2h35,90,85,May–Jun and Sep for wind and space — August is expensive and shoulder-to-shoulder,Free · windsurf board and wetsuit hire ≈€40–60 a day,https://en.wikipedia.org/wiki/Ala%C3%A7at%C4%B1
erythrae-ildir,Erythrae,Erythrai,Aegean,İzmir,ruins,gem,False,38.38278,26.48083,ADB,İzmir Adnan Menderes (ADB),≈2h35,80,75,Mar–Jun and Sep–Nov — the hill is unshaded and hot from July,Free,https://en.wikipedia.org/wiki/Erythrae
karaburun,Karaburun Peninsula,Karaburun Yarımadası,Aegean,İzmir,coast,gem,False,38.63333,26.51667,ADB,İzmir Adnan Menderes (ADB),≈2h35,90,85,"Apr–Jun and Sep–Oct — winter narcissus in Jan–Feb, but many places shut Nov–Mar",Free,https://en.wikipedia.org/wiki/Karaburun
mordogan,Mordoğan,Mordoğan,Aegean,İzmir,coast,gem,False,38.51667,26.6,ADB,İzmir Adnan Menderes (ADB),≈2h35,70,70,Jun–Sep for swimming; May and Oct are the pleasant quiet months,Free,https://en.wikipedia.org/wiki/Mordo%C4%9Fan
urla,Urla,Urla,Aegean,İzmir,city,icon,False,38.32222,26.76472,ADB,İzmir Adnan Menderes (ADB),≈2h35,45,45,"Apr–Jun and Sep–Oct — the artichoke festival is early April, harvest events in September",Free · winery tastings ≈₺500–900 (≈€11–20),"https://en.wikipedia.org/wiki/Urla,_%C4%B0zmir"
foca,Foça,Foça,Aegean,İzmir,coast,icon,False,38.66667,26.76667,ADB,İzmir Adnan Menderes (ADB),≈2h35,70,70,May–Jun and Sep — August fills with İzmir weekenders and prices double,"Free · boat trips ≈₺800–1,200 (≈€18–27) per person",https://en.wikipedia.org/wiki/Fo%C3%A7a
klazomenai,Klazomenai,Klazomenai,Aegean,İzmir,ruins,gem,False,38.35817,26.76758,ADB,İzmir Adnan Menderes (ADB),≈2h35,45,45,"Mar–Jun and Sep–Nov — flat, exposed and hot at midday in summer",Small fee — check locally,https://en.wikipedia.org/wiki/Klazomenai
sigacik,Sığacık,Sığacık,Aegean,İzmir,village,gem,False,38.18333,26.78333,ADB,İzmir Adnan Menderes (ADB),≈2h35,45,45,"Apr–Jun and Sep–Oct — the Sunday market runs year-round, the marina empties in winter",Free,https://en.wikipedia.org/wiki/S%C4%B1%C4%9Fac%C4%B1k
teos,Teos,Teos,Aegean,İzmir,ruins,gem,False,38.17722,26.785,ADB,İzmir Adnan Menderes (ADB),≈2h35,45,45,Apr–Jun and Sep–Nov — the grove gives some shade but July heat is heavy,Free,https://en.wikipedia.org/wiki/Teos
yenifoca,Yenifoça,Yenifoça,Aegean,İzmir,village,gem,False,38.73333,26.83333,ADB,İzmir Adnan Menderes (ADB),≈2h35,75,75,Jun–Sep for the water; Apr–May and Oct for the village with nobody in it,Free,https://en.wikipedia.org/wiki/Yenifo%C3%A7a
seferihisar,Seferihisar,Seferihisar,Aegean,İzmir,city,gem,False,38.2,26.83333,ADB,İzmir Adnan Menderes (ADB),≈2h35,40,40,Mar–Jun and Sep–Nov — the mandarin harvest and its festival fall in December,Free,https://en.wikipedia.org/wiki/Seferihisar
gediz-delta,Gediz Delta Bird Paradise,Gediz Deltası Kuş Cenneti,Aegean,İzmir,nature,gem,False,38.51667,26.88333,ADB,İzmir Adnan Menderes (ADB),≈2h35,45,45,"Nov–Apr for numbers, Jun–Jul for flamingo chicks — Aug is hot, still and mosquito-heavy",Free — the adjoining Doğal Yaşam Parkı charges separately,https://en.wikipedia.org/wiki/Gediz_Delta
mount-nif-karabel,Mount Nif and the Karabel Relief,Nif Dağı ve Karabel Kabartması,Aegean,İzmir,heritage,gem,False,38.29944,27.01889,ADB,İzmir Adnan Menderes (ADB),≈2h35,15,15,"Apr–Jun for cherries and green slopes, Sep–Oct for clear air; the pass road is grim in winter rain",Free,https://en.wikipedia.org/wiki/Mount_Nif
basmane-railway-station,Basmane Station,Basmane Garı,Aegean,İzmir,heritage,gem,False,38.2521,27.0837,ADB,İzmir Adnan Menderes (ADB),≈2h35,10,10,Year-round — the district is livelier and safer in daylight,Free to enter · regional tickets a few euros,https://en.wikipedia.org/wiki/Basmane_railway_station
asansor-izmir,Asansör (Historical Elevator),Asansör,Aegean,İzmir,heritage,icon,False,38.4088,27.11749,ADB,İzmir Adnan Menderes (ADB),≈2h35,15,15,Year-round — the terrace is best an hour before sunset,Free to ride,https://en.wikipedia.org/wiki/Asans%C3%B6r
kemeralti-izmir,Kemeraltı Bazaar,Kemeraltı Çarşısı,Aegean,İzmir,city,icon,False,38.41833,27.13222,ADB,İzmir Adnan Menderes (ADB),≈2h35,20,20,Year-round — best Oct–May; the covered lanes trap heat in August,Free,https://en.wikipedia.org/wiki/Kemeralt%C4%B1
menderes-gumuldur,Gümüldür and the Menderes coast,Gümüldür ve Menderes sahili,Aegean,İzmir,coast,gem,False,38.254,27.134,ADB,İzmir Adnan Menderes (ADB),≈2h35,5,5,Jun–Sep for the sea; December for the mandarin harvest and empty beaches,Free · beach clubs charge modestly by Çeşme standards,"https://en.wikipedia.org/wiki/Menderes,_%C4%B0zmir"
agora-of-smyrna,Agora of Smyrna,Smyrna Agorası,Aegean,İzmir,ruins,gem,False,38.41889,27.13778,ADB,İzmir Adnan Menderes (ADB),≈2h35,20,20,Oct–May — the sunken court holds heat badly in July and August,≈₺180 (≈€4) · covered by Museum Pass Türkiye,https://en.wikipedia.org/wiki/Agora_of_Smyrna
alsancak-izmir,Alsancak and the Kordon,Alsancak ve Kordon,Aegean,İzmir,city,icon,False,38.43778,27.14361,ADB,İzmir Adnan Menderes (ADB),≈2h35,20,20,Year-round — Apr–Jun and Sep–Oct are ideal; the Kordon is windy and grey in January,Free,https://en.wikipedia.org/wiki/Alsancak
kadifekale,Kadifekale,Kadifekale,Aegean,İzmir,heritage,icon,False,38.41389,27.14583,ADB,İzmir Adnan Menderes (ADB),≈2h35,20,20,Year-round — go at sunset any month; the hilltop is windy and exposed,Free,https://en.wikipedia.org/wiki/Kadifekale
dilek-peninsula-national-park,Dilek Peninsula National Park,Dilek Yarımadası-Büyük Menderes Deltası Milli Parkı,Aegean,Aydın,nature,icon,False,37.66893,27.16176,BJV,Bodrum Milas (BJV),≈2h45,85,80,"May–Jun and Sep–Oct — swimmable Jun–Sep, but weekends in August are gridlocked","Per-person park fee plus a vehicle charge — roughly ₺200–400 (≈€5–10) per car, cash easiest",https://en.wikipedia.org/wiki/Dilek_Peninsula-B%C3%BCy%C3%BCk_Menderes_Delta_National_Park
asklepion-pergamon,Asklepion of Pergamon,Bergama Asklepionu,Aegean,İzmir,ruins,icon,True,39.1183,27.1631,EDO,Balıkesir Koca Seyit (EDO),≈4h50,65,65,"Apr–Jun and Sep–Oct — flat, shadeless and hot from July",≈₺500 (≈€11) · separate from the acropolis · covered by Museum Pass Türkiye,https://en.wikipedia.org/wiki/Asclepieion
red-basilica-bergama,Red Basilica,Kızıl Avlu,Aegean,İzmir,heritage,icon,True,39.1219,27.1833,EDO,Balıkesir Koca Seyit (EDO),≈4h50,65,65,Year-round — spring and autumn best; the brick hall stays cool even in July,≈₺200 (≈€5) · covered by Museum Pass Türkiye,https://en.wikipedia.org/wiki/Red_Basilica
pergamon,Pergamon,Bergama,Aegean,İzmir,ruins,icon,True,39.1325,27.18417,EDO,Balıkesir Koca Seyit (EDO),≈4h50,65,65,Apr–Jun and Sep–Oct — the crag is fully exposed and July tops 38 °C,≈₺900 (≈€20) plus cable car ≈₺200 · covered by Museum Pass Türkiye,https://en.wikipedia.org/wiki/Pergamon
claros,Claros,Klaros,Aegean,İzmir,ruins,gem,False,38.005,27.19278,ADB,İzmir Adnan Menderes (ADB),≈2h35,40,40,Apr–Jun and Sep–Oct — the hollow floods in winter and mosquitoes own it in high summer,Free,https://en.wikipedia.org/wiki/Claros
cave-of-zeus-guzelcamli,Cave of Zeus,Zeus Mağarası,Aegean,Aydın,water,gem,False,37.71139,27.21583,BJV,Bodrum Milas (BJV),≈2h45,85,80,Jun–Sep to swim; the water stays cold all year,Small fee — check locally; usually included if you are already paying to enter the national park,"https://en.wikipedia.org/wiki/Cave_of_Zeus,_Ayd%C4%B1n"
yamanlar-karagol,Mount Yamanlar and Karagöl,Yamanlar Dağı ve Karagöl,Aegean,İzmir,mountain,gem,False,38.53333,27.23333,ADB,İzmir Adnan Menderes (ADB),≈2h35,35,35,"Apr–Jun and Sep–Nov — snow is possible in January, and summer weekends are picnic chaos",Free · small parking charge at the lake,https://en.wikipedia.org/wiki/Yamanlar
guzelcamli,Güzelçamlı,Güzelçamlı,Aegean,Aydın,village,gem,False,37.71667,27.23333,BJV,Bodrum Milas (BJV),≈2h45,85,80,May–Oct — most pensions and half the restaurants close Nov–Mar,Free,https://en.wikipedia.org/wiki/G%C3%BCzel%C3%A7aml%C4%B1
panionium,Panionion,Panionion,Aegean,Aydın,ruins,gem,False,37.71275,27.23497,BJV,Bodrum Milas (BJV),≈2h45,85,80,Mar–May and Oct–Nov — grass and thistles swallow the seats by midsummer,Free,https://en.wikipedia.org/wiki/Panionium
gumusluk-myndos,Gümüşlük and Myndos,Gümüşlük ve Myndos,Aegean,Muğla,coast,icon,False,37.05389,27.23694,BJV,Bodrum Milas (BJV),≈2h45,55,55,Jun–Sep for wading and swimming; May and Oct for the village without the queue,Free,https://en.wikipedia.org/wiki/G%C3%BCm%C3%BC%C5%9Fl%C3%BCk
guvercinada,Pigeon Island,Güvercinada,Aegean,Aydın,heritage,gem,False,37.8635,27.2478,ADB,İzmir Adnan Menderes (ADB),≈2h35,65,65,Apr–Nov — the causeway takes spray in winter storms,Free,https://en.wikipedia.org/wiki/G%C3%BCvercinada
didyma,Didyma,Didim Apollon Tapınağı,Aegean,Aydın,ruins,icon,False,37.385,27.25639,BJV,Bodrum Milas (BJV),≈2h45,50,50,Apr–Jun and Sep–Oct — the marble throws heat back at you in midsummer,≈€10 · covered by Museum Pass Türkiye,https://en.wikipedia.org/wiki/Didyma
kusadasi,Kuşadası,Kuşadası,Aegean,Aydın,city,icon,False,37.85972,27.25972,ADB,İzmir Adnan Menderes (ADB),≈2h35,65,65,"May–Jun and Sep–Oct — August is hot, full and expensive",Free,https://en.wikipedia.org/wiki/Ku%C5%9Fadas%C4%B1
karaincir,Karaincir,Karaincir,Aegean,Muğla,coast,gem,False,37.01667,27.26667,BJV,Bodrum Milas (BJV),≈2h45,55,55,"Jun–Oct — sheltered from the north wind, so it works when the north coast is choppy",Free · sunbed hire on the organised stretch,https://en.wikipedia.org/wiki/Turgutreis
miletus,Miletus,Milet,Aegean,Aydın,ruins,icon,False,37.53028,27.27833,BJV,Bodrum Milas (BJV),≈2h45,60,60,Apr–May and Oct — the plain is a mosquito swamp after rain and an oven in August,≈€8 · covered by Museum Pass Türkiye,https://en.wikipedia.org/wiki/Miletus
altinkum-didim,Altınkum,Altınkum,Aegean,Aydın,coast,icon,False,37.35611,27.28889,BJV,Bodrum Milas (BJV),≈2h45,45,45,Jun–Sep for swimming; May and Oct for the town without the crowd,Free · sunbed and umbrella hire extra,https://en.wikipedia.org/wiki/Alt%C4%B1nkum
yalikavak,Yalıkavak,Yalıkavak,Aegean,Muğla,coast,icon,False,37.10352,27.29257,BJV,Bodrum Milas (BJV),≈2h45,50,50,Jun–Sep for the sea; May and Oct for the village and the walks,Free,https://en.wikipedia.org/wiki/Yal%C4%B1kavak
priene,Priene,Priene,Aegean,Aydın,ruins,gem,False,37.65972,27.29778,BJV,Bodrum Milas (BJV),≈2h45,75,75,Apr–Jun and Sep–Nov — the climb from the car park is punishing in July,≈€8 · covered by Museum Pass Türkiye,https://en.wikipedia.org/wiki/Priene
allianoi,Allianoi,Allianoi,Aegean,İzmir,water,gem,False,39.23472,27.30556,EDO,Balıkesir Koca Seyit (EDO),≈4h50,60,60,Aug–Oct when the reservoir is at its lowest and more of the site is exposed,Free — there is no ticketed site left to enter,https://en.wikipedia.org/wiki/Allianoi
akyarlar,Akyarlar,Akyarlar,Aegean,Muğla,coast,gem,False,36.98056,27.31667,BJV,Bodrum Milas (BJV),≈2h45,55,55,Jun–Oct — the sea here stays warm latest on the peninsula,Free,https://en.wikipedia.org/wiki/Strobilos
house-of-the-virgin-mary,House of the Virgin Mary,Meryem Ana Evi,Aegean,İzmir,heritage,icon,True,37.91154,27.33406,ADB,İzmir Adnan Menderes (ADB),≈2h35,60,60,Apr–Jun and Sep–Oct — cool under the pines even when Selçuk is at 38 °C,≈₺600 (≈€14) plus a vehicle charge · not covered by the Museum Pass,https://en.wikipedia.org/wiki/House_of_the_Virgin_Mary
ephesus,Ephesus,Efes,Aegean,İzmir,ruins,icon,True,37.94111,27.34194,ADB,İzmir Adnan Menderes (ADB),≈2h35,55,55,Apr–May and Oct — July and August bake the marble and there is almost no shade,≈€40 · Terrace Houses ≈€15 extra · covered by Museum Pass Türkiye,https://en.wikipedia.org/wiki/Ephesus
gundogan-bodrum,Gündoğan,Gündoğan,Aegean,Muğla,coast,gem,False,37.12778,27.34722,BJV,Bodrum Milas (BJV),≈2h45,40,40,Jun–Sep for swimming; the meltemi blows hardest across this north coast in July,Free,"https://en.wikipedia.org/wiki/G%C3%BCndo%C4%9Fan,_Bodrum"
temple-of-artemis-ephesus,Temple of Artemis,Artemis Tapınağı,Aegean,İzmir,ruins,icon,True,37.94972,27.36389,ADB,İzmir Adnan Menderes (ADB),≈2h35,55,55,Mar–May — the field floods after winter rain and the frogs take it over,Free,https://en.wikipedia.org/wiki/Temple_of_Artemis
basilica-of-st-john-selcuk,Basilica of St John,St. Jean Bazilikası,Aegean,İzmir,heritage,icon,True,37.9525,27.3678,ADB,İzmir Adnan Menderes (ADB),≈2h35,55,55,"Apr–Jun and Sep–Oct — exposed hilltop, no shade in high summer",≈€9 · covered by Museum Pass Türkiye,https://en.wikipedia.org/wiki/Basilica_of_Saint_John_the_Theologian
knidos,Knidos,Knidos,Aegean,Muğla,ruins,icon,False,36.68583,27.375,BJV,Bodrum Milas (BJV),≈2h45,90,85,"Apr–Jun and Sep–Oct — fully exposed, with no shade anywhere on site",≈€8 · covered by Museum Pass Türkiye,https://en.wikipedia.org/wiki/Knidos
turkbuku,Türkbükü,Türkbükü,Aegean,Muğla,coast,icon,False,37.13,27.37611,BJV,Bodrum Milas (BJV),≈2h45,35,35,Jun–Sep — everything worth eating at is shut Nov–Apr,Free to the village · beach decks charge a daily minimum spend,https://en.wikipedia.org/wiki/T%C3%BCrkb%C3%BCk%C3%BC
camlik-railway-museum,Çamlık Railway Museum,Çamlık Buharlı Lokomotif Müzesi,Aegean,İzmir,drive,gem,False,37.88522,27.38057,ADB,İzmir Adnan Menderes (ADB),≈2h35,65,65,Apr–Jun and Sep–Oct — the metal is untouchable in August sun,Small fee — check locally,https://en.wikipedia.org/wiki/%C3%87aml%C4%B1k_Railway_Museum
bitez,Bitez,Bitez,Aegean,Muğla,coast,icon,False,37.03333,27.38333,BJV,Bodrum Milas (BJV),≈2h45,45,45,Jun–Sep for the water; the wind is reliable Jun–Aug for boards,Free · sunbed hire on the organised sections,https://en.wikipedia.org/wiki/Bitez
lake-bafa,Lake Bafa,Bafa Gölü,Aegean,Muğla,water,icon,False,37.5,27.41667,BJV,Bodrum Milas (BJV),≈2h45,45,45,"Mar–May and Oct–Nov for birds and hiking; summer is hot and hazy, swimming is poor",Free · boat trips to the islands negotiated at Kapıkırı,https://en.wikipedia.org/wiki/Lake_Bafa
theatre-of-halicarnassus,Theatre of Halicarnassus,Bodrum Antik Tiyatrosu,Aegean,Muğla,ruins,gem,False,37.04005,27.42156,BJV,Bodrum Milas (BJV),≈2h45,40,40,Apr–Jun and Sep–Oct — the stone radiates heat in midsummer afternoons,Free,https://en.wikipedia.org/wiki/Theatre_at_Halicarnassus
pedasa,Pedasa,Pedasa Antik Kenti,Aegean,Muğla,ruins,gem,False,37.06804,27.42178,BJV,Bodrum Milas (BJV),≈2h45,40,40,Oct–May — the hillside is tinder-dry and snake-warm in high summer,Free,https://en.wikipedia.org/wiki/Pedasa
mausoleum-halicarnassus,Mausoleum at Halicarnassus,Halikarnas Mozolesi,Aegean,Muğla,ruins,icon,False,37.0379,27.4241,BJV,Bodrum Milas (BJV),≈2h45,40,40,"All year — the site is small and mostly open ground, best in spring light",≈€8 · covered by Museum Pass Türkiye,https://en.wikipedia.org/wiki/Mausoleum_at_Halicarnassus
muradiye-mosque-manisa,"Muradiye Mosque, Manisa",Muradiye Camii,Aegean,Manisa,heritage,gem,False,38.60989,27.42897,ADB,İzmir Adnan Menderes (ADB),≈2h35,55,55,Year-round; the Mesir festival falls in late March,"Mosque free · museum small fee, covered by Museum Pass Türkiye","https://en.wikipedia.org/wiki/Muradiye_Mosque,_Manisa"
bodrum-castle,Bodrum Castle,Bodrum Kalesi,Aegean,Muğla,heritage,icon,False,37.03167,27.42944,BJV,Bodrum Milas (BJV),≈2h45,40,40,"All year — the ramparts are exposed and hot Jul–Aug, superb in spring",≈€25 · Museum Pass Türkiye covers entry; some special galleries carry a surcharge,https://en.wikipedia.org/wiki/Bodrum_Castle
sirince,Şirince,Şirince,Aegean,İzmir,village,icon,False,37.94139,27.43306,ADB,İzmir Adnan Menderes (ADB),≈2h35,60,60,Apr–Jun and Sep–Oct — weekends are gridlocked from May onward,Free,https://en.wikipedia.org/wiki/%C5%9Eirince
bodrum,Bodrum,Bodrum,Aegean,Muğla,city,icon,False,37.03333,27.43333,BJV,Bodrum Milas (BJV),≈2h45,40,40,"May–Jun and Sep–Oct — August is heat, traffic and peak prices",Free,https://en.wikipedia.org/wiki/Bodrum
weeping-rock-manisa,Weeping Rock (Niobe),Ağlayan Kaya,Aegean,Manisa,nature,gem,False,38.6247,27.4478,ADB,İzmir Adnan Menderes (ADB),≈2h35,60,60,"Nov–Apr, when the seep is actually running — it dries out completely in summer",Free,https://en.wikipedia.org/wiki/Niobe
mount-sipylus,Mount Sipylus (Spil Dağı),Spil Dağı,Aegean,Manisa,mountain,icon,False,38.56722,27.45472,ADB,İzmir Adnan Menderes (ADB),≈2h35,50,50,Apr–May for the Manisa tulip and wild horses; Sep–Oct for clear plain views,Small national park vehicle fee — check locally,https://en.wikipedia.org/wiki/Mount_Sipylus
latmos-rock-paintings,Latmos Rock Paintings,Beşparmak Kaya Resimleri,Aegean,Muğla,mountain,gem,False,37.49811,27.52681,BJV,Bodrum Milas (BJV),≈2h45,40,40,Mar–May and Oct–Nov — the granite is an oven in summer and there is no shade,"Free · guide fee negotiated in the village, roughly ₺1000–1500 (≈€25–35) for a half day",https://en.wikipedia.org/wiki/Be%C5%9Fparmak_Mountains
herakleia-under-latmos,Herakleia under Latmos,Herakleia (Kapıkırı),Aegean,Muğla,ruins,gem,False,37.49759,27.52707,BJV,Bodrum Milas (BJV),≈2h45,40,40,Mar–May and Oct–Nov — perfect walking weather; July is airless among the rocks,Small village fee — check locally; the ruins themselves are open ground,https://en.wikipedia.org/wiki/Heraclea_at_Latmus
magnesia-on-the-maeander,Magnesia on the Maeander,Magnesia Antik Kenti,Aegean,Aydın,ruins,gem,False,37.85278,27.52722,ADB,İzmir Adnan Menderes (ADB),≈2h35,75,75,Apr–Jun and Sep–Oct — the water table is high and parts flood in winter,≈€5 · covered by Museum Pass Türkiye,https://en.wikipedia.org/wiki/Magnesia_on_the_Maeander
datca-peninsula-road,Datça Peninsula Road,Datça Yarımadası Yolu,Aegean,Muğla,drive,gem,False,36.70737,27.55197,BJV,Bodrum Milas (BJV),≈2h45,80,75,Mar–Jun and Sep–Nov — February almond blossom turns the whole ridge white,Free,https://en.wikipedia.org/wiki/Dat%C3%A7a_Peninsula
palamutbuku,Palamutbükü,Palamutbükü,Aegean,Muğla,coast,gem,False,36.70104,27.56994,BJV,Bodrum Milas (BJV),≈2h45,80,75,Jun–Sep for swimming; May and Oct are warm but many places shut,Free — sunbeds charged by the restaurants,"https://en.wikipedia.org/wiki/Mesudiye,_Dat%C3%A7a"
iasos,Iasos,Iasos,Aegean,Muğla,ruins,gem,False,37.27778,27.58639,BJV,Bodrum Milas (BJV),≈2h45,10,10,Apr–Jun and Sep–Oct — the peninsula is exposed and hot in high summer,Small fee — check locally; the site museum keeps shorter hours than the ruins,https://en.wikipedia.org/wiki/Iasos
bayindir,Bayındır,Bayındır,Aegean,İzmir,village,gem,False,38.21917,27.64806,ADB,İzmir Adnan Menderes (ADB),≈2h35,55,55,Apr–May for the flower fields and the festival; the rest of the year it is a working farm town,Free,https://en.wikipedia.org/wiki/Bay%C4%B1nd%C4%B1r
euromos,Euromos,Euromos,Aegean,Muğla,ruins,gem,False,37.37417,27.67528,BJV,Bodrum Milas (BJV),≈2h45,20,20,"All year — spring poppies in the grove make it, midsummer light is flat and harsh",≈€5 · covered by Museum Pass Türkiye,https://en.wikipedia.org/wiki/Euromus
eski-datca,Eski Datça,Eski Datça,Aegean,Muğla,village,gem,False,36.7283,27.6869,BJV,Bodrum Milas (BJV),≈2h45,75,75,Apr–Jun and Sep–Oct — February almond blossom is the local secret,Free,https://en.wikipedia.org/wiki/Dat%C3%A7a
tire,Tire,Tire,Aegean,İzmir,city,gem,False,38.08972,27.73194,ADB,İzmir Adnan Menderes (ADB),≈2h35,70,70,Year-round; the Tuesday market is the reason to time it — avoid midsummer midday heat,Free,"https://en.wikipedia.org/wiki/Tire,_%C4%B0zmir"
becin-castle,Beçin Castle,Beçin Kalesi,Aegean,Muğla,heritage,gem,False,37.2836,27.7767,BJV,Bodrum Milas (BJV),≈2h45,15,15,Mar–May and Oct–Nov — the plateau is completely exposed in summer,Small fee — check locally; covered by Museum Pass Türkiye when the booth is staffed,https://en.wikipedia.org/wiki/Be%C3%A7in
milas,Milas,Milas,Aegean,Muğla,city,gem,False,37.31667,27.78333,BJV,Bodrum Milas (BJV),≈2h45,15,15,Mar–Jun and Sep–Nov — the Tuesday market is the reason to time a visit,Free · the small archaeological museum charges a nominal fee,https://en.wikipedia.org/wiki/Milas
labraunda,Labraunda,Labranda,Aegean,Muğla,ruins,gem,False,37.41889,27.82028,BJV,Bodrum Milas (BJV),≈2h45,30,30,Apr–Jun and Sep–Oct — the road ices over in winter and the site is cold,Small fee — check locally; often unstaffed and free in practice,https://en.wikipedia.org/wiki/Labraunda
alinda,Alinda,Alinda,Aegean,Aydın,ruins,gem,False,37.55833,27.82361,BJV,Bodrum Milas (BJV),≈2h45,50,50,Mar–May and Oct–Nov — thorny scrub and snakes make July a poor choice,Free,https://en.wikipedia.org/wiki/Alinda
tralleis-aydin,Tralleis,Tralleis Antik Kenti,Aegean,Aydın,ruins,gem,False,37.84806,27.84528,BJV,Bodrum Milas (BJV),≈2h45,90,85,Oct–May — the terrace is exposed and Aydın regularly tops 40 °C in summer,"Free when open — access can be restricted, check with Aydın Archaeological Museum",https://en.wikipedia.org/wiki/Ayd%C4%B1n
oren-ceramus,Ören and Ceramus,Ören ve Keramos,Aegean,Muğla,coast,gem,False,37.04242,27.95133,BJV,Bodrum Milas (BJV),≈2h45,45,45,Jun–Sep to swim; Apr–May and Oct for the ruins and the walking,Free,https://en.wikipedia.org/wiki/Ceramus
odemis,Ödemiş,Ödemiş,Aegean,İzmir,city,gem,False,38.23111,27.97194,ADB,İzmir Adnan Menderes (ADB),≈2h35,95,90,Apr–Jun and Sep–Nov — the valley floor is 38 °C in July and August,Free · town museum a few euros,https://en.wikipedia.org/wiki/%C3%96demi%C5%9F
alabanda,Alabanda,Alabanda,Aegean,Aydın,ruins,gem,False,37.59167,27.98556,BJV,Bodrum Milas (BJV),≈2h45,60,60,Mar–May and Oct–Nov — the grove floods in winter and bakes in August,Free,https://en.wikipedia.org/wiki/Alabanda
bin-tepe,Bin Tepe Tumuli,Bin Tepe,Aegean,Manisa,ruins,gem,False,38.58,28.0072,ADB,İzmir Adnan Menderes (ADB),≈2h35,105,100,Mar–May for green ridges and wild flowers; Oct is clear and cool,Free,https://en.wikipedia.org/wiki/Bin_Tepe
hisaronu-kecibuku,Hisarönü Bay and Keçi Bükü,Hisarönü Körfezi ve Keçi Bükü,Aegean,Muğla,coast,gem,False,36.59485,28.01356,DLM,Dalaman (DLM),≈2h50,90,85,May–Jun and Sep–Oct — the meltemi funnels hard down the bay in July and August,Free,https://en.wikipedia.org/wiki/Bozburun_Peninsula
loryma,Loryma (Bozukkale),Loryma / Bozukkale,Aegean,Muğla,ruins,gem,False,36.56611,28.01528,DLM,Dalaman (DLM),≈2h50,95,90,"Apr–May and Oct — no shade, no water, and the walk is brutal in summer",Free,https://en.wikipedia.org/wiki/Loryma
golcuk-lake-odemis,Gölcük Lake,Gölcük Gölü,Aegean,İzmir,water,gem,False,38.31667,28.03333,ADB,İzmir Adnan Menderes (ADB),≈2h35,100,95,May–Oct — beautiful under snow in winter but the last kilometres often need chains,Free · small parking charge in season,"https://en.wikipedia.org/wiki/G%C3%B6lc%C3%BCk,_%C4%B0zmir"
sardis,Sardis,Sart,Aegean,Manisa,ruins,icon,False,38.48833,28.04028,ADB,İzmir Adnan Menderes (ADB),≈2h35,105,100,Apr–May and Oct — the Gediz plain is punishing in July and August,≈₺300 (≈€7) covering both sections · covered by Museum Pass Türkiye,https://en.wikipedia.org/wiki/Sardis
sart-village,Sart,Sart,Aegean,Manisa,village,gem,False,38.49768,28.04326,ADB,İzmir Adnan Menderes (ADB),≈2h35,105,100,Sep–Oct for the grape harvest; Apr–May for green hills and wild flowers,Free,"https://en.wikipedia.org/wiki/Sart,_Salihli"
carian-trail,Carian Trail,Karia Yolu,Aegean,Muğla,mountain,gem,False,36.69278,28.04428,DLM,Dalaman (DLM),≈2h50,85,80,Mar–May and Oct–Nov — summer is dangerously hot and water sources dry up,Free,https://en.wikipedia.org/wiki/Carian_Trail
cine-valley-road,Çine Valley Road,Çine Vadisi Yolu,Aegean,Aydın,drive,gem,False,37.61167,28.06139,BJV,Bodrum Milas (BJV),≈2h45,70,70,Apr–Jun for full water and green; the river drops to a trickle by August,Free,https://en.wikipedia.org/wiki/%C3%87ine
birgi,Birgi,Birgi,Aegean,İzmir,village,gem,False,38.255,28.065,ADB,İzmir Adnan Menderes (ADB),≈2h35,105,100,"Apr–Jun and Sep–Nov — the mosque and mansion close for lunch, and August is airless",Small fee — check locally · mosque free,https://en.wikipedia.org/wiki/Birgi
bozburun,Bozburun,Bozburun,Aegean,Muğla,village,gem,False,36.68333,28.06667,DLM,Dalaman (DLM),≈2h50,85,80,May–Jun and Sep–Oct — winter here is genuinely closed,Free,https://en.wikipedia.org/wiki/Bozburun
bozdag-odemis,Bozdağ,Bozdağ,Aegean,İzmir,mountain,gem,False,38.33917,28.07667,ADB,İzmir Adnan Menderes (ADB),≈2h35,105,100,"Jan–Mar for skiing, Jun–Sep for the cool air and chestnut woods",Free · ski lift day pass ≈₺600 (≈€13),https://en.wikipedia.org/wiki/Bozda%C4%9F
selimiye-marmaris,Selimiye,Selimiye,Aegean,Muğla,village,gem,False,36.70683,28.09383,DLM,Dalaman (DLM),≈2h50,80,75,May–Jun and Sep–Oct — most restaurants shut from November to March,Free,"https://en.wikipedia.org/wiki/Selimiye,_Marmaris"
salihli,Salihli,Salihli,Aegean,Manisa,city,gem,False,38.48111,28.13917,ADB,İzmir Adnan Menderes (ADB),≈2h35,115,110,Sep–Oct for the raisin harvest; Nov–Mar is the proper thermal season,Free · thermal bath entry ≈₺200–400 (≈€5–9),https://en.wikipedia.org/wiki/Salihli
nysa-on-the-maeander,Nysa on the Maeander,Nysa Antik Kenti,Aegean,Aydın,ruins,gem,False,37.90167,28.14667,BJV,Bodrum Milas (BJV),≈2h45,110,105,Mar–Jun and Sep–Nov — the gorge is slippery after rain,≈€5 · covered by Museum Pass Türkiye,https://en.wikipedia.org/wiki/Nysa_on_the_Maeander
orhaniye-kizkumu,Kızkumu (Orhaniye's Sunken Road),Kızkumu,Aegean,Muğla,coast,gem,False,36.75348,28.15076,DLM,Dalaman (DLM),≈2h50,75,75,May–Oct — outside that the water is too cold to enjoy the walk,Free — most access is through restaurants that expect an order,https://en.wikipedia.org/wiki/K%C4%B1zkumu
sedir-island,Sedir Island (Cleopatra Beach),Sedir Adası,Aegean,Muğla,coast,icon,False,36.99306,28.20611,BJV,Bodrum Milas (BJV),≈2h45,75,75,May–Jun and Sep–Oct — the daily boats stop running by November,≈€6 island fee plus the boat fare from Çamlı or Akyaka,https://en.wikipedia.org/wiki/Sedir_Island
turunc,Turunç,Turunç,Aegean,Muğla,coast,gem,False,36.773,28.246,DLM,Dalaman (DLM),≈2h50,65,65,Jun–Sep for swimming; May and Oct are quiet and still warm enough,Free,https://en.wikipedia.org/wiki/Turun%C3%A7
amos-ancient-city,Amos,Amos Antik Kenti,Aegean,Muğla,ruins,gem,False,36.74688,28.26965,DLM,Dalaman (DLM),≈2h50,60,60,"Apr–Jun and Sep–Nov — no shade, and the path is slippery after rain",Free,https://en.wikipedia.org/wiki/Amos_(ancient_city)
marmaris,Marmaris,Marmaris,Aegean,Muğla,city,icon,False,36.85333,28.27083,DLM,Dalaman (DLM),≈2h50,65,65,"May–Jun and Sep–Oct — July and August are hot, packed and loud until 4am",Free,https://en.wikipedia.org/wiki/Marmaris
marmaris-castle,Marmaris Castle,Marmaris Kalesi,Aegean,Muğla,heritage,gem,False,36.85056,28.27444,DLM,Dalaman (DLM),≈2h50,65,65,Apr–Jun and Sep–Nov — the courtyard bakes at midday in summer,≈€4 · covered by Museum Pass Türkiye,https://en.wikipedia.org/wiki/Marmaris_Castle
marmaris-national-park,Marmaris National Park,Marmaris Milli Parkı,Aegean,Muğla,nature,gem,False,36.84579,28.29798,DLM,Dalaman (DLM),≈2h50,60,60,Apr–Jun and Sep–Nov — high fire risk closes forest roads in July and August,Free,https://en.wikipedia.org/wiki/Marmaris_National_Park
akyaka,Akyaka,Akyaka,Aegean,Muğla,village,gem,False,37.05,28.31667,DLM,Dalaman (DLM),≈2h50,75,75,May–Jun and Sep–Oct — the meltemi turns July and August into a kitesurfing season,Free,"https://en.wikipedia.org/wiki/Akyaka,_Ula"
kuyucak-lavender-aydin,Kuyucak Lavender Fields,Kuyucak Lavanta Tarlaları,Aegean,Aydın,nature,gem,False,37.91528,28.45917,BJV,Bodrum Milas (BJV),≈2h45,130,125,Late Jun–mid Jul for the flower; the rest of the year it is a working fig district,Free,https://en.wikipedia.org/wiki/Kuyucak
alasehir,Alaşehir (Philadelphia),Alaşehir,Aegean,Manisa,city,gem,False,38.35,28.51667,USQ,Uşak (USQ),≈5h00,120,115,Sep–Oct for the grape harvest; Apr–May for green hills — July and August are over 38 °C,Free,https://en.wikipedia.org/wiki/Ala%C5%9Fehir
kula-volcanic-geopark,Kula Volcanic Geopark,Kula Volkanik Jeoparkı,Aegean,Manisa,mountain,gem,False,38.57722,28.52,USQ,Uşak (USQ),≈5h00,110,105,Apr–May and Oct — the black rock radiates heat and July–Aug is brutal out there,Free,https://en.wikipedia.org/wiki/Kula_(volcano)
sultaniye-hot-springs,Sultaniye Hot Springs,Sultaniye Kaplıcaları,Aegean,Muğla,water,gem,False,36.88111,28.58139,DLM,Dalaman (DLM),≈2h50,35,35,Oct–May is the sweet spot — 39 °C water in August is unpleasant,≈₺250 (≈€6),"https://en.wikipedia.org/wiki/Sultaniye,_K%C3%B6yce%C4%9Fiz"
karacasu,Karacasu,Karacasu,Aegean,Aydın,village,gem,False,37.73083,28.60611,DNZ,Denizli Çardak (DNZ),≈5h00,125,120,Apr–Jun and Sep–Oct — winter is cold and grey up here,Free,https://en.wikipedia.org/wiki/Karacasu
iztuzu-beach,İztuzu Beach,İztuzu Plajı,Aegean,Muğla,coast,icon,False,36.79222,28.62,DLM,Dalaman (DLM),≈2h50,25,25,Jun–Sep for swimming; May and Oct are quiet with the turtle rules still in force,Free — small parking fee at the road entrance,https://en.wikipedia.org/wiki/%C4%B0ztuzu_Beach
kaunos,Kaunos,Kaunos Antik Kenti,Aegean,Muğla,ruins,icon,False,36.82639,28.62139,DLM,Dalaman (DLM),≈2h50,25,25,"Apr–Jun and Sep–Nov — exposed site, and the marsh breeds mosquitoes in summer",≈€8 · covered by Museum Pass Türkiye,https://en.wikipedia.org/wiki/Kaunos
dalyan,Dalyan,Dalyan,Aegean,Muğla,village,icon,False,36.83417,28.6425,DLM,Dalaman (DLM),≈2h50,25,25,May–Jun and Sep–Oct — July and August are hot and the boat queues long,Free,https://en.wikipedia.org/wiki/Dalyan
kula-town,Kula Old Town,Kula Evleri,Aegean,Manisa,village,gem,False,38.54583,28.64944,USQ,Uşak (USQ),≈5h00,95,90,Apr–Jun and Sep–Oct — the plateau hits 40 °C in summer and freezes in January,Free · house museums small fee,"https://en.wikipedia.org/wiki/Kula,_Manisa"
koycegiz-lake,Lake Köyceğiz,Köyceğiz Gölü,Aegean,Muğla,water,gem,False,36.9122,28.6553,DLM,Dalaman (DLM),≈2h50,35,35,Apr–Jun and Sep–Nov — mosquitoes are serious on summer evenings,Free,https://en.wikipedia.org/wiki/Lake_K%C3%B6yce%C4%9Fiz
demirci,Demirci,Demirci,Aegean,Manisa,village,gem,False,39.045,28.65806,USQ,Uşak (USQ),≈5h00,105,100,May–Oct — the road over the ridges is snowbound in stretches from December to March,Free,https://en.wikipedia.org/wiki/Demirci
aphrodisias,Aphrodisias,Afrodisias,Aegean,Aydın,ruins,icon,True,37.70833,28.72361,DNZ,Denizli Çardak (DNZ),≈5h00,110,105,Apr–Jun and Sep–Oct — winter mornings are foggy and the valley floods,≈€15 · covered by Museum Pass Türkiye,https://en.wikipedia.org/wiki/Aphrodisias
yuvarlakcay,Yuvarlakçay,Yuvarlakçay,Aegean,Muğla,nature,gem,False,36.91197,28.79162,DLM,Dalaman (DLM),≈2h50,30,30,Jun–Sep — the shade and the cold water are the whole point; winter is muddy,Free — the restaurants expect an order,https://en.wikipedia.org/wiki/K%C3%B6yce%C4%9Fiz-Dalyan_Special_Environmental_Protection_Area
buldan,Buldan,Buldan,Aegean,Denizli,village,gem,False,38.045,28.83056,DNZ,Denizli Çardak (DNZ),≈5h00,105,100,Apr–Jun and Sep–Oct — the old town is steep and icy in winter,Free,https://en.wikipedia.org/wiki/Buldan
babadag-denizli,Babadağ,Babadağ,Aegean,Denizli,village,gem,False,37.80694,28.85611,DNZ,Denizli Çardak (DNZ),≈5h00,95,90,May–Oct — the road up is snowbound in parts of winter,Free,"https://en.wikipedia.org/wiki/Babada%C4%9F,_Denizli"
twelve-islands-gocek,Twelve Islands,On İki Adalar,Aegean,Muğla,coast,gem,False,36.67056,28.91917,DLM,Dalaman (DLM),≈2h50,15,15,May–Jun and Sep–Oct — August fills the anchorages and the meltemi builds after noon,Free — you pay for the boat,https://en.wikipedia.org/wiki/Tersane_Island
gocek,Göcek,Göcek,Aegean,Muğla,village,icon,False,36.75694,28.94444,DLM,Dalaman (DLM),≈2h50,20,20,May–Jun and Sep–Oct — the gulet season either side of the August peak,Free,"https://en.wikipedia.org/wiki/G%C3%B6cek,_Fethiye"
tripolis-on-the-meander,Tripolis on the Meander,Tripolis Antik Kenti,Aegean,Denizli,ruins,gem,False,38.05,28.95,DNZ,Denizli Çardak (DNZ),≈5h00,95,90,"Mar–May and Oct–Nov — flat, treeless and 40 °C in high summer","Free at present — a ticket booth has been built, so expect a small fee",https://en.wikipedia.org/wiki/Tripolis_on_the_Meander
simav-eynal-thermal,Simav and Eynal Springs,Simav ve Eynal Kaplıcaları,Aegean,Kütahya,water,gem,False,39.08333,28.98333,USQ,Uşak (USQ),≈5h00,80,75,Oct–Apr for the springs; Jun–Sep for the mountain and the lake,≈₺150–250 (≈€4–6) at the municipal baths,https://en.wikipedia.org/wiki/Simav
guney-waterfall,Güney Waterfall,Güney Şelalesi,Aegean,Denizli,water,gem,False,38.12,29.06,DNZ,Denizli Çardak (DNZ),≈5h00,90,85,Mar–Jun for full flow; irrigation draws it down badly by late summer,Free · small parking charge in season,https://en.wikipedia.org/wiki/G%C3%BCney_Waterfall
gemiler-island,Gemiler Island,Gemiler Adası,Aegean,Muğla,ruins,gem,False,36.55345,29.06935,DLM,Dalaman (DLM),≈2h50,40,40,"May–Jun and Sep–Oct — no shade, and the boats stop in winter",≈€5 landing fee plus the boat from Ölüdeniz or Karacaören,https://en.wikipedia.org/wiki/Gemiler_Island
kayakoy,Kayaköy,Kayaköy,Aegean,Muğla,village,icon,False,36.575,29.09111,DLM,Dalaman (DLM),≈2h50,40,40,Apr–Jun and Sep–Nov — the hillside is punishing in July and August,≈€6 · covered by Museum Pass Türkiye,https://en.wikipedia.org/wiki/Kayak%C3%B6y
laodicea-on-the-lycus,Laodicea on the Lycus,Laodikeia,Aegean,Denizli,ruins,icon,False,37.83583,29.1075,DNZ,Denizli Çardak (DNZ),≈5h00,70,70,Mar–May and Oct–Nov — no shade at all on the plateau in summer,≈€10 · covered by Museum Pass Türkiye,https://en.wikipedia.org/wiki/Laodicea_on_the_Lycus
tomb-of-amyntas,Tomb of Amyntas,Amyntas Kaya Mezarı,Aegean,Muğla,ruins,icon,False,36.61833,29.11778,DLM,Dalaman (DLM),≈2h50,40,40,Year-round; avoid the climb between noon and four in summer,≈€4 · covered by Museum Pass Türkiye,https://en.wikipedia.org/wiki/Tomb_of_Amyntas
kabak-faralya,Kabak Bay and Faralya,Kabak Koyu ve Faralya,Aegean,Muğla,coast,gem,False,36.483,29.118,DLM,Dalaman (DLM),≈2h50,50,50,May–Jun and Sep–Oct — most camps close from November to March,Free,https://en.wikipedia.org/wiki/Faralya
fethiye,Fethiye,Fethiye,Aegean,Muğla,city,icon,False,36.65139,29.12306,DLM,Dalaman (DLM),≈2h50,40,40,"Apr–Jun and Sep–Nov — the town works year-round, unlike Ölüdeniz",Free,https://en.wikipedia.org/wiki/Fethiye
pamukkale,Pamukkale,Pamukkale,Aegean,Denizli,water,icon,True,37.92389,29.12333,DNZ,Denizli Çardak (DNZ),≈5h00,70,70,"Apr–May and Oct — winter is cold on wet bare feet, August is a queue in 38 °C",≈€35 combined with Hierapolis · Antique Pool ≈€25 extra · Museum Pass covers the site but not the pool,https://en.wikipedia.org/wiki/Pamukkale
hierapolis,Hierapolis,Hierapolis,Aegean,Denizli,ruins,icon,True,37.925,29.12583,DNZ,Denizli Çardak (DNZ),≈5h00,70,70,Apr–May and Oct — the plateau is shadeless and brutal Jul–Aug,≈€35 combined with Pamukkale · covered by Museum Pass Türkiye,https://en.wikipedia.org/wiki/Hierapolis
butterfly-valley-fethiye,Butterfly Valley,Kelebekler Vadisi,Aegean,Muğla,coast,icon,False,36.4968,29.12733,DLM,Dalaman (DLM),≈2h50,50,50,Jun–Sep for the moths and the boats; the descent path is dangerous when wet,≈€10 boat return from Ölüdeniz plus a small valley fee,"https://en.wikipedia.org/wiki/Butterfly_Valley,_Fethiye"
oludeniz,Ölüdeniz,Ölüdeniz,Aegean,Muğla,coast,icon,False,36.57083,29.1425,DLM,Dalaman (DLM),≈2h50,45,45,May–Jun and Sep–Oct — August is very hot and the beach is shoulder to shoulder,≈₺150 (≈€3.50) for the lagoon nature park; Belcekız beach is free,https://en.wikipedia.org/wiki/%C3%96l%C3%BCdeniz
lycian-way-western-half,Lycian Way (Western Half),Likya Yolu (Batı Kesimi),Aegean,Muğla,mountain,icon,False,36.57902,29.15345,DLM,Dalaman (DLM),≈2h50,45,45,Mar–May and Oct–Nov — summer on the exposed cliffs is dangerous,Free,https://en.wikipedia.org/wiki/Lycian_Way
akhan-caravanserai,Akhan Caravanserai,Akhan Kervansarayı,Aegean,Denizli,heritage,gem,False,37.8017,29.1636,DNZ,Denizli Çardak (DNZ),≈5h00,60,60,All year — the covered hall is cool in summer and dry in winter,Free,https://en.wikipedia.org/wiki/Denizli
babadag-fethiye,Babadağ,Babadağ,Aegean,Muğla,mountain,icon,False,36.52833,29.185,DLM,Dalaman (DLM),≈2h50,55,55,Apr–Oct for flying; the cable car runs most of the year but wind closes it,Cable car ≈€25 return; tandem flights ≈€90–130 depending on the ramp,"https://en.wikipedia.org/wiki/Babada%C4%9F_(mountain,_Mu%C4%9Fla)"
blaundus,Blaundus,Blaundos,Aegean,Uşak,ruins,gem,False,38.35694,29.20889,USQ,Uşak (USQ),≈5h00,55,55,Apr–Jun and Sep–Oct — the plateau hits 40 °C in July and freezes in January,Free,https://en.wikipedia.org/wiki/Blaundus
cadyanda,Cadyanda,Kadyanda Antik Kenti,Aegean,Muğla,ruins,gem,False,36.73349,29.23408,DLM,Dalaman (DLM),≈2h50,50,50,May–Oct; the access road can be icy in winter,Small fee — check locally · Museum Pass usually accepted,https://en.wikipedia.org/wiki/Cadyanda
pinara,Pinara,Pınara,Aegean,Muğla,ruins,gem,False,36.48861,29.25194,DLM,Dalaman (DLM),≈2h50,60,60,Apr–Jun and Sep–Nov — the access track is bad after winter rain,≈€4 · covered by Museum Pass Türkiye,https://en.wikipedia.org/wiki/Pinara
colossae,Colossae,Kolossai,Aegean,Denizli,ruins,gem,False,37.78667,29.26,DNZ,Denizli Çardak (DNZ),≈5h00,50,50,Mar–May and Oct–Nov — the track is mud after rain,Free,https://en.wikipedia.org/wiki/Colossae
mount-honaz,Mount Honaz,Honaz Dağı,Aegean,Denizli,mountain,gem,False,37.75806,29.27083,DNZ,Denizli Çardak (DNZ),≈5h00,50,50,Jun–Oct for the summit; snow closes the upper road roughly Dec–Apr,Small national park fee — check locally; usually charged per vehicle at the forest gate,https://en.wikipedia.org/wiki/Mount_Honaz
letoon,Letoon,Letoon,Aegean,Muğla,ruins,icon,True,36.33194,29.28972,DLM,Dalaman (DLM),≈2h50,80,75,Mar–Jun and Sep–Nov — the flooded section is deepest after winter rain,≈€6 · covered by Museum Pass Türkiye,https://en.wikipedia.org/wiki/Letoon
ulubey-canyon,Ulubey Canyon,Ulubey Kanyonu,Aegean,Uşak,water,gem,False,38.38444,29.29972,USQ,Uşak (USQ),≈5h00,45,45,Apr–Jun and Sep–Nov — the descent path is slippery in winter and airless in August,≈₺100 (≈€2.50) per car for the nature park,https://en.wikipedia.org/wiki/Ulubey_Canyon_Nature_Park
usak-museum-karun,Uşak Archaeological Museum,Uşak Arkeoloji Müzesi,Aegean,Uşak,heritage,gem,False,38.57689,29.37298,USQ,Uşak (USQ),≈5h00,20,20,Year-round; closed Mondays,≈€3 · covered by Museum Pass Türkiye,https://en.wikipedia.org/wiki/U%C5%9Fak_Museum_of_Archaeology
saklikent-gorge,Saklıkent Gorge,Saklıkent Kanyonu,Aegean,Muğla,water,icon,False,36.46878,29.40342,DLM,Dalaman (DLM),≈2h50,80,75,May–Oct; snowmelt flood closes the gorge from November to April,≈₺200 (≈€5) national park entry; not covered by the Museum Pass,https://en.wikipedia.org/wiki/Sakl%C4%B1kent_National_Park
tlos,Tlos,Tlos,Aegean,Muğla,ruins,gem,False,36.55254,29.42079,DLM,Dalaman (DLM),≈2h50,75,75,Mar–Jun and Sep–Nov — the valley is very hot in midsummer,≈€6 · covered by Museum Pass Türkiye,https://en.wikipedia.org/wiki/Tlos
kaklik-cave,Kaklık Cave,Kaklık Mağarası,Aegean,Denizli,water,gem,False,37.8339,29.4386,DNZ,Denizli Çardak (DNZ),≈5h00,30,30,All year — the cave holds a steady temperature and is a genuine winter option,"Small fee — check locally; municipal ticket, cash only",https://en.wikipedia.org/wiki/Kakl%C4%B1k_Cave
clandras-bridge,Clandras Bridge,Clandras Köprüsü,Aegean,Uşak,heritage,gem,False,38.31667,29.51667,USQ,Uşak (USQ),≈5h00,55,55,Apr–Jun and Sep–Oct — the river road can flood in late winter,Free,https://en.wikipedia.org/wiki/Karahall%C4%B1
aizanoi,Aizanoi,Aizanoi,Aegean,Kütahya,ruins,gem,False,39.2,29.61667,KZR,Kütahya Zafer (KZR),≈5h00,60,60,Apr–Jun and Sep–Oct — the plateau is bleak and often snowbound in winter,≈€6 · covered by Museum Pass Türkiye,https://en.wikipedia.org/wiki/Aizanoi
domanic,Domaniç,Domaniç,Aegean,Kütahya,nature,gem,False,39.8,29.61667,YEI,Bursa Yenişehir (YEI),≈4h40,65,65,May–Oct; heavy snow closes the high roads from December to March,Free,https://en.wikipedia.org/wiki/Domani%C3%A7_District
murat-dagi,Murat Dağı,Murat Dağı,Aegean,Kütahya,mountain,gem,False,38.93722,29.67361,USQ,Uşak (USQ),≈5h00,45,45,"Jan–Mar for snow, Jun–Sep for the meadows; the shoulder months are mud","Free; ski lift passes are cheap, roughly ₺300 (≈€7) a day",https://en.wikipedia.org/wiki/Murat_Da%C4%9F%C4%B1
banaz-hamam-bogazi,"Hamam Boğazı, Banaz",Hamam Boğazı,Aegean,Uşak,water,gem,False,38.73333,29.75,USQ,Uşak (USQ),≈5h00,30,30,Oct–Apr is the point — soaking here in a plateau summer makes no sense,Small fee — check locally,https://en.wikipedia.org/wiki/Banaz
lake-isikli,Lake Işıklı,Işıklı Gölü,Aegean,Denizli,water,gem,False,38.23333,29.9,DNZ,Denizli Çardak (DNZ),≈5h00,70,70,"Mar–May and Sep–Nov for birds; midsummer is hot, hazy and full of reeds",Free · boat hire negotiated locally,https://en.wikipedia.org/wiki/Lake_I%C5%9F%C4%B1kl%C4%B1
kutahya,Kütahya,Kütahya,Aegean,Kütahya,city,gem,False,39.41667,29.98333,KZR,Kütahya Zafer (KZR),≈5h00,45,45,"Apr–Jun and Sep–Oct — winters are cold, wet and long at 970 metres",Tile Museum ≈₺100 (≈€2.50); the old lanes are free,https://en.wikipedia.org/wiki/K%C3%BCtahya
phrygian-way,Phrygian Way,Frig Yolu,Aegean,Afyonkarahisar,mountain,gem,False,39.01349,30.4032,KZR,Kütahya Zafer (KZR),≈5h00,35,35,Apr–Jun and Sep–Oct — the plateau bakes in July and snows in winter,Free,https://en.wikipedia.org/wiki/Phrygian_Way
seydiler-fairy-chimneys,Seydiler Fairy Chimneys,Seydiler Peribacaları,Aegean,Afyonkarahisar,nature,gem,False,39.03333,30.41667,KZR,Kütahya Zafer (KZR),≈5h00,35,35,Apr–Jun and Sep–Oct — the poppy fields around İhsaniye flower in June,Free,https://en.wikipedia.org/wiki/%C4%B0hsaniye
aslantas-yilantas,Aslantaş and Yılantaş,Aslantaş ve Yılantaş,Aegean,Afyonkarahisar,ruins,gem,False,39.04822,30.52431,KZR,Kütahya Zafer (KZR),≈5h00,45,45,Apr–Jun and Sep–Oct — the dirt approach turns to mud after rain,Free,https://en.wikipedia.org/wiki/Aslanta%C5%9F-Y%C4%B1lanta%C5%9F
afyonkarahisar-castle,Afyonkarahisar Castle,Afyonkarahisar Kalesi,Aegean,Afyonkarahisar,heritage,gem,False,38.76526,30.53801,KZR,Kütahya Zafer (KZR),≈5h00,70,70,Apr–Jun and Sep–Oct — the steps ice over in winter and bake in July,Free,https://en.wikipedia.org/wiki/Afyonkarahisar_Castle
afyonkarahisar,Afyonkarahisar,Afyonkarahisar,Aegean,Afyonkarahisar,city,gem,False,38.75778,30.53861,KZR,Kütahya Zafer (KZR),≈5h00,70,70,Apr–Jun and Sep–Oct — the plateau is cold and grey from December to March,Free — the Ulu Cami has no charge,https://en.wikipedia.org/wiki/Afyonkarahisar
ayazini,Ayazini,Ayazini,Aegean,Afyonkarahisar,ruins,gem,False,39.01389,30.575,KZR,Kütahya Zafer (KZR),≈5h00,50,50,Apr–Jun and Sep–Oct — the plateau is snowy and bleak in midwinter,Free,"https://en.wikipedia.org/wiki/Ayazini,_%C4%B0hsaniye"
patara-ancient-city,Patara,Patara Antik Kenti,Mediterranean,Antalya,ruins,icon,False,36.26622,29.31722,DLM,Dalaman (DLM),≈2h50,90,85,Apr–May and Oct — midsummer is shadeless and the sand radiates heat,€15 for foreigners · covered by Museum Pass Türkiye and the Mediterranean pass,https://en.wikipedia.org/wiki/Patara_(Lycia)
xanthos-ancient-city,Xanthos,Ksantos,Mediterranean,Antalya,ruins,icon,True,36.35611,29.31861,DLM,Dalaman (DLM),≈2h50,80,75,"Mar–May and Oct–Nov — flowering slopes in spring, brutal glare in July",€3 for foreigners · covered by Museum Pass Türkiye,https://en.wikipedia.org/wiki/Xanthos
kalkan-town,Kalkan,Kalkan,Mediterranean,Antalya,village,gem,False,36.26667,29.41111,DLM,Dalaman (DLM),≈2h50,95,90,May–Jun and Sep–Oct — the hill streets are an oven at noon in August,Free,https://en.wikipedia.org/wiki/Kalkan
kaputas-beach,Kaputaş Beach,Kaputaş Plajı,Mediterranean,Antalya,coast,icon,False,36.2033,29.4383,DLM,Dalaman (DLM),≈2h50,105,100,Jun–Sep for swimming; May and Oct for photographs without the crowd,Free — sunbeds around ₺400 (≈€9) a pair,https://en.wikipedia.org/wiki/Kaputa%C5%9F_Beach
kibyra-ancient-city,Kibyra,Kibyra Antik Kenti,Mediterranean,Burdur,ruins,gem,False,37.1601,29.4892,DNZ,Denizli Çardak (DNZ),≈5h00,95,90,"May–Jun and Sep–Oct — 1,000 m up, so cold and wet in winter",₺150 (≈€3.50) · covered by Museum Pass Türkiye,https://en.wikipedia.org/wiki/Cibyra
kas-town,Kaş,Kaş,Mediterranean,Antalya,city,icon,False,36.2,29.64167,DLM,Dalaman (DLM),≈2h50,125,120,Apr–Jun and Sep–Nov — August is hot and the town doubles in size,Free — the theatre and the Lion Tomb are open street-side,https://en.wikipedia.org/wiki/Ka%C5%9F
gombe-yesil-gol,Gömbe and Yeşil Göl,Gömbe ve Yeşil Göl,Mediterranean,Antalya,mountain,gem,False,36.55,29.66667,DLM,Dalaman (DLM),≈2h50,105,100,Jun–Sep for the high lake — snow blocks the upper track from November to May,"Free; jeep transfer to the lake around ₺1,200 (≈€27) per vehicle","https://en.wikipedia.org/wiki/G%C3%B6mbe,_Ka%C5%9F"
salda-lake,Lake Salda,Salda Gölü,Mediterranean,Burdur,water,icon,False,37.55,29.68333,DNZ,Denizli Çardak (DNZ),≈5h00,35,35,Jun–Sep for swimming; May and Oct for the colours without the buses,Public beach around ₺100 (≈€2.30) plus parking; the protected zone runs a shuttle,https://en.wikipedia.org/wiki/Lake_Salda
kas-diving,Kaş Diving,Kaş Dalış Bölgesi,Mediterranean,Antalya,coast,gem,False,36.12861,29.68583,DLM,Dalaman (DLM),≈2h50,135,130,"May–Nov — water is 16 °C in March, 27 °C in late August",Two-tank day around €70–90 with kit; try-dives from about €55,https://en.wikipedia.org/wiki/Uluburun_shipwreck
ucagiz-teimiussa,Üçağız (Teimiussa),Üçağız / Teimiussa,Mediterranean,Antalya,village,gem,False,36.19711,29.85022,DLM,Dalaman (DLM),≈2h50,145,140,Apr–Jun and Sep–Oct — dead quiet and half-shut in winter,Free,https://en.wikipedia.org/wiki/Teimiussa
simena-kalekoy,Simena (Kaleköy),Simena / Kaleköy,Mediterranean,Antalya,village,gem,False,36.19083,29.86139,DLM,Dalaman (DLM),≈2h50,145,140,Apr–Jun and Sep–Oct — most pensions shut from November to March,Castle ₺200 (≈€4.50) · covered by Museum Pass Türkiye,https://en.wikipedia.org/wiki/Kalek%C3%B6y
kekova-sunken-city,Kekova,Kekova,Mediterranean,Antalya,coast,icon,False,36.18056,29.87778,DLM,Dalaman (DLM),≈2h50,150,145,"May–Jun and Sep–Oct — flat mornings, and the day boats thin out after September","Free to look; boat from Üçağız around ₺1,200–1,800 (≈€26–40) for a shared day",https://en.wikipedia.org/wiki/Kekova
elmali-town,Elmalı,Elmalı,Mediterranean,Antalya,village,gem,False,36.73333,29.9,AYT,Antalya (AYT),≈2h50,105,100,"May–Oct — hard frosts and snow from December, and the apple harvest is in September",Free,https://en.wikipedia.org/wiki/Elmal%C4%B1
avlan-lake,Avlan Lake,Avlan Gölü,Mediterranean,Antalya,water,gem,False,36.73333,29.9,AYT,Antalya (AYT),≈2h50,105,100,Apr–Jun and Sep–Nov — levels drop in late summer and the shore turns to mud,Free,https://en.wikipedia.org/wiki/Elmal%C4%B1
andriake-harbour,Andriake,Andriake,Mediterranean,Antalya,ruins,gem,False,36.22639,29.95639,AYT,Antalya (AYT),≈2h50,140,135,Mar–Jun and Sep–Nov — the marsh breeds mosquitoes in high summer,€6 for foreigners · covered by Museum Pass Türkiye,https://en.wikipedia.org/wiki/Andriake
myra-ancient-city,Myra,Myra Antik Kenti,Mediterranean,Antalya,ruins,icon,False,36.25917,29.98528,AYT,Antalya (AYT),≈2h50,130,125,Mar–May and Oct–Nov — the greenhouse plain traps heat in summer,€13 for foreigners · covered by Museum Pass Türkiye and the Mediterranean pass,https://en.wikipedia.org/wiki/Myra
st-nicholas-church-demre,"Church of St. Nicholas, Demre",Aziz Nikolaos Kilisesi,Mediterranean,Antalya,heritage,icon,False,36.24467,29.98543,AYT,Antalya (AYT),≈2h50,135,130,All year — spring and autumn avoid both heat and the Orthodox pilgrimage peaks,€17 for foreigners · covered by Museum Pass Türkiye,"https://en.wikipedia.org/wiki/St._Nicholas_Church,_Demre"
arycanda-ancient-city,Arycanda,Arykanda,Mediterranean,Antalya,ruins,gem,False,36.51389,30.06,AYT,Antalya (AYT),≈2h50,100,95,Apr–Jun and Sep–Oct — snow can reach the upper terraces in winter,₺180 (≈€4) · covered by Museum Pass Türkiye,https://en.wikipedia.org/wiki/Arycanda
burdur-lake,Lake Burdur,Burdur Gölü,Mediterranean,Burdur,nature,gem,False,37.75,30.18,ISE,Isparta Süleyman Demirel (ISE),≈5h10,25,25,Nov–Mar for the wintering ducks; Apr–May for waders on passage,Free,https://en.wikipedia.org/wiki/Lake_Burdur
saklikent-ski-antalya,Saklıkent Ski Centre,Saklıkent Kayak Merkezi,Mediterranean,Antalya,mountain,gem,False,36.84306,30.33639,AYT,Antalya (AYT),≈2h50,55,55,Jan–Mar for reliable snow; the road is fine but the season is short and unpredictable,Day lift pass around ₺600 (≈€13) with hire extra,https://en.wikipedia.org/wiki/Sakl%C4%B1kent
insuyu-cave,İnsuyu Cave,İnsuyu Mağarası,Mediterranean,Burdur,water,gem,False,37.65944,30.37417,ISE,Isparta Süleyman Demirel (ISE),≈5h10,30,30,Apr–Jun and Sep–Nov — a constant 14 °C inside whatever the season,₺150 (≈€3.50) · Museum Pass Türkiye accepted,https://en.wikipedia.org/wiki/%C4%B0nsuyu_Cave
cape-gelidonya,Cape Gelidonya Lighthouse,Gelidonya Feneri,Mediterranean,Antalya,coast,gem,False,36.19333,30.40306,AYT,Antalya (AYT),≈2h50,110,105,Mar–May and Oct–Nov — no shade at all on the cape in summer,Free,https://en.wikipedia.org/wiki/Cape_Gelidonya
adrasan-bay,Adrasan,Adrasan,Mediterranean,Antalya,coast,gem,False,36.33333,30.43333,AYT,Antalya (AYT),≈2h50,90,85,Jun–Sep for the water; May and Oct for walking the Lycian Way sections above the bay,Free,"https://en.wikipedia.org/wiki/Adrasan,_Kumluca"
tahtali-dagi-cable-car,Tahtalı Dağı and the Olympos Cable Car,Tahtalı Dağı ve Olympos Teleferik,Mediterranean,Antalya,mountain,icon,False,36.53694,30.44194,AYT,Antalya (AYT),≈2h50,65,65,All year — clearest Nov–Apr; summer afternoons haze over completely,Around €40 return for foreigners; paragliding tandem from about €120,https://en.wikipedia.org/wiki/Tahtal%C4%B1_Da%C4%9F%C4%B1
yanartas-chimaera,Yanartaş (Chimaera),Yanartaş,Mediterranean,Antalya,nature,icon,False,36.43157,30.4558,AYT,Antalya (AYT),≈2h50,80,75,"All year, best Oct–Apr when the nights are cold enough to make the flames vivid",₺150 (≈€3.50) plus parking,https://en.wikipedia.org/wiki/Yanarta%C5%9F
termessos-ancient-city,Termessos,Termessos,Mediterranean,Antalya,ruins,gem,False,36.9825,30.46472,AYT,Antalya (AYT),≈2h50,40,40,Apr–Jun and Sep–Oct — cool at altitude even when Antalya is at 40 °C,₺350 (≈€8) including the national park · covered by Museum Pass Türkiye,https://en.wikipedia.org/wiki/Termessos
suluada-island,Suluada,Suluada,Mediterranean,Antalya,coast,gem,False,36.23861,30.47167,AYT,Antalya (AYT),≈2h50,105,100,Jun–Sep only; the crossing is cancelled in any real wind,"Free island; boat from Adrasan around ₺1,000–1,500 (≈€22–33) per person",https://en.wikipedia.org/wiki/Suluada
lycian-way-eastern-half,Lycian Way — Eastern Half,Likya Yolu — Doğu Bölümü,Mediterranean,Antalya,mountain,icon,False,36.3958,30.4722,AYT,Antalya (AYT),≈2h50,80,75,"Mar–May and Oct–Nov — summer on this section is dangerous, winter snow blocks the high traverses",Free,https://en.wikipedia.org/wiki/Lycian_Way
olympos-ancient-city,Olympos,Olympos Antik Kenti,Mediterranean,Antalya,ruins,icon,False,36.39611,30.4725,AYT,Antalya (AYT),≈2h50,80,75,Apr–Jun and Sep–Oct — the creek dries and the mosquitoes arrive in August,€10 for foreigners · covered by Museum Pass Türkiye and the Mediterranean pass,https://en.wikipedia.org/wiki/Olympus_(Lycia)
cirali-beach,Çıralı,Çıralı,Mediterranean,Antalya,coast,icon,False,36.39667,30.47306,AYT,Antalya (AYT),≈2h50,80,75,"May–Oct for swimming; Apr and Nov for walking, with pensions open most of the year",Free,https://en.wikipedia.org/wiki/%C3%87%C4%B1ral%C4%B1
beydaglari-coastal-national-park,Beydağları Coastal National Park,Beydağları Sahil Milli Parkı,Mediterranean,Antalya,nature,gem,False,36.59444,30.51056,AYT,Antalya (AYT),≈2h50,55,55,Apr–Jun and Sep–Nov — fire risk closes forest tracks in high summer,Free to enter; Göynük canyon around ₺350 (≈€8),https://en.wikipedia.org/wiki/Beyda%C4%9Flar%C4%B1_Coastal_National_Park
sagalassos,Sagalassos,Sagalassos,Mediterranean,Burdur,ruins,icon,False,37.67806,30.51944,ISE,Isparta Süleyman Demirel (ISE),≈5h10,30,30,May–Jun and Sep–Oct — snow can close the road from December to March,₺350 (≈€8) · covered by Museum Pass Türkiye,https://en.wikipedia.org/wiki/Sagalassos
aglasun-town,Ağlasun,Ağlasun,Mediterranean,Burdur,village,gem,False,37.64944,30.53389,ISE,Isparta Süleyman Demirel (ISE),≈5h10,35,35,May–Oct — quiet and cold once the excavation season ends,Free,https://en.wikipedia.org/wiki/A%C4%9Flasun
phaselis-ancient-city,Phaselis,Phaselis,Mediterranean,Antalya,ruins,gem,False,36.52361,30.55222,AYT,Antalya (AYT),≈2h50,60,60,May–Jun and Sep–Oct — swimmable water with a fraction of the August crowd,€10 for foreigners · covered by Museum Pass Türkiye and the Mediterranean pass,https://en.wikipedia.org/wiki/Phaselis
isparta-rose-harvest,Isparta Rose Harvest,Isparta Gül Hasadı,Mediterranean,Isparta,nature,gem,False,37.76472,30.55667,ISE,Isparta Süleyman Demirel (ISE),≈5h10,25,25,Late May to mid-June only — outside that window there is nothing to see,Free in the fields; distillery tours a small fee,https://en.wikipedia.org/wiki/Isparta
karain-cave,Karain Cave,Karain Mağarası,Mediterranean,Antalya,water,gem,False,37.07778,30.57083,AYT,Antalya (AYT),≈2h50,35,35,"All year — a cool refuge in summer, though the track is slippery after rain",€5 for foreigners · covered by Museum Pass Türkiye,https://en.wikipedia.org/wiki/Karain_Cave
konyaalti-beach,Konyaaltı Beach,Konyaaltı Plajı,Mediterranean,Antalya,coast,icon,False,36.8611,30.6318,AYT,Antalya (AYT),≈2h50,20,20,Jun–Oct for swimming; the promenade is pleasant all year,Free on the public stretches; sunbed pairs from ₺400 (≈€9),https://en.wikipedia.org/wiki/Konyaalt%C4%B1_Beach
antalya-museum,Antalya Archaeological Museum,Antalya Müzesi,Mediterranean,Antalya,heritage,icon,False,36.8877,30.6772,AYT,Antalya (AYT),≈2h50,15,15,All year — the obvious rainy-day plan on this coast,"€15 for foreigners when open · covered by Museum Pass Türkiye — closed for reconstruction, verify before travelling",https://en.wikipedia.org/wiki/Antalya_Museum
antalya-kaleici,Kaleiçi (Antalya Old Town),Kaleiçi,Mediterranean,Antalya,city,icon,False,36.8841,30.7056,AYT,Antalya (AYT),≈2h50,10,10,Mar–Jun and Sep–Nov — July and August in the lanes are airless,Free to wander; individual museums ₺100–300 (≈€2–7),https://en.wikipedia.org/wiki/Kalei%C3%A7i
davraz-ski,Mount Davraz,Davraz Dağı,Mediterranean,Isparta,mountain,gem,False,37.78456,30.76344,ISE,Isparta Süleyman Demirel (ISE),≈5h10,45,45,Jan–Mar for skiing; Jun–Sep for the ridge walk and the lake views,Day pass around ₺600 (≈€13) with hire extra,https://en.wikipedia.org/wiki/Mount_Davraz
duden-waterfalls,Düden Waterfalls,Düden Şelalesi,Mediterranean,Antalya,water,icon,False,36.8486,30.7806,AYT,Antalya (AYT),≈2h50,10,10,Mar–Jun after the snowmelt — flow drops sharply by late August,"Upper ₺150 (≈€3.50), Lower park ₺100 (≈€2.30)",https://en.wikipedia.org/wiki/D%C3%BCden_Waterfalls
lara-beach,Lara Beach,Lara Plajı,Mediterranean,Antalya,coast,icon,False,36.8492,30.8129,AYT,Antalya (AYT),≈2h50,5,5,"Jun–Oct — August is hot, packed and expensive",Public beach park around ₺150 (≈€3.50) with a sunbed,"https://en.wikipedia.org/wiki/Lara,_Antalya"
kursunlu-waterfall,Kurşunlu Waterfall,Kurşunlu Şelalesi,Mediterranean,Antalya,water,gem,False,37.003,30.821,AYT,Antalya (AYT),≈2h50,15,15,Mar–Jun — the flow is weak by September and the pool goes murky,₺150 (≈€3.50) per person plus a small vehicle fee,https://en.wikipedia.org/wiki/Kur%C5%9Funlu_Waterfall_Nature_Park
egirdir-lake-yesilada,Lake Eğirdir and Yeşilada,Eğirdir Gölü ve Yeşilada,Mediterranean,Isparta,water,icon,False,37.875,30.85056,ISE,Isparta Süleyman Demirel (ISE),≈5h10,55,55,May–Jun and Sep–Oct — swimming is realistic from late June to September,Free,https://en.wikipedia.org/wiki/E%C4%9Firdir
perge-ancient-city,Perge,Perge Antik Kenti,Mediterranean,Antalya,ruins,icon,False,36.96139,30.85389,AYT,Antalya (AYT),≈2h50,10,10,Mar–May and Oct–Nov — the plain hits 40 °C with zero shade in summer,€11 for foreigners · covered by Museum Pass Türkiye and the Mediterranean pass,https://en.wikipedia.org/wiki/Perga
kovada-lake-national-park,Lake Kovada National Park,Kovada Gölü Milli Parkı,Mediterranean,Isparta,nature,gem,False,37.61939,30.87076,ISE,Isparta Süleyman Demirel (ISE),≈5h10,65,65,"Apr–Jun and Sep–Oct — mosquitoes in July, and the lake shrinks badly in drought years",₺150 (≈€3.50) per person plus a vehicle fee,https://en.wikipedia.org/wiki/Lake_Kovada_National_Park
yazili-canyon,Yazılı Canyon,Yazılı Kanyon,Mediterranean,Isparta,water,gem,False,37.46861,30.9225,AYT,Antalya (AYT),≈2h50,85,80,Jun–Sep for swimming; May and Oct for walking without the crowds,₺150 (≈€3.50) per person plus a small vehicle fee,https://en.wikipedia.org/wiki/Yaz%C4%B1l%C4%B1_Canyon_Nature_Park
sillyon-ancient-city,Sillyon,Sillyon,Mediterranean,Antalya,ruins,gem,False,36.9925,30.98972,AYT,Antalya (AYT),≈2h50,25,25,"Mar–May and Oct–Nov — no shade, no water, and the plain bakes in summer",Free — unstaffed,https://en.wikipedia.org/wiki/Sillyon
selge-ancient-city,Selge,Selge,Mediterranean,Antalya,ruins,gem,False,37.22944,31.12722,AYT,Antalya (AYT),≈2h50,60,60,May–Jun and Sep–Oct — the last road is icy and sometimes closed in winter,Free — a small parking donation is usually asked,https://en.wikipedia.org/wiki/Selge
aspendos-theatre,Aspendos,Aspendos,Mediterranean,Antalya,ruins,icon,False,36.93889,31.17222,AYT,Antalya (AYT),≈2h50,45,45,Apr–Jun and Sep–Oct; the opera and ballet festival runs in September,€15 for foreigners · covered by Museum Pass Türkiye and the Mediterranean pass,https://en.wikipedia.org/wiki/Aspendos
koprulu-canyon,Köprülü Canyon,Köprülü Kanyon,Mediterranean,Antalya,water,icon,False,37.19222,31.18083,AYT,Antalya (AYT),≈2h50,60,60,Apr–Oct for rafting; May–Jun has the strongest flow after snowmelt,National park ₺100 (≈€2.30) per car; rafting packages €25–40 with transfer,https://en.wikipedia.org/wiki/K%C3%B6pr%C3%BCl%C3%BC_Canyon
antiochia-in-pisidia,Antiochia in Pisidia,Pisidia Antiokheia,Mediterranean,Isparta,ruins,gem,False,38.30611,31.18917,ISE,Isparta Süleyman Demirel (ISE),≈5h10,115,110,"Apr–Jun and Sep–Oct — 1,200 m up, so cold and often snowy from December",₺150 (≈€3.50) · covered by Museum Pass Türkiye,https://en.wikipedia.org/wiki/Antioch_of_Pisidia
side-ancient-town,Side,Side,Mediterranean,Antalya,ruins,icon,False,36.76667,31.38889,AYT,Antalya (AYT),≈2h50,70,70,May–Jun and Sep–Oct — the peninsula is shoulder-to-shoulder in August,€10 for foreigners covering the ancient city and museum · Museum Pass Türkiye accepted,"https://en.wikipedia.org/wiki/Side,_Turkey"
titreyengol-lake,Titreyengöl,Titreyengöl,Mediterranean,Antalya,coast,gem,False,36.78333,31.43333,AYT,Antalya (AYT),≈2h50,75,75,May–Jun and Sep–Oct — the resort strip is saturated in August,Free,https://en.wikipedia.org/wiki/Manavgat
manavgat-waterfall,Manavgat Waterfall,Manavgat Şelalesi,Mediterranean,Antalya,water,icon,False,36.81361,31.45444,AYT,Antalya (AYT),≈2h50,75,75,Apr–Jun for volume; the river runs lower and warmer by September,₺100 (≈€2.30) for the falls park,https://en.wikipedia.org/wiki/Manavgat_Waterfall
seleukeia-pamphylia,Seleukeia (Pamphylia),Seleukeia Antik Kenti,Mediterranean,Antalya,ruins,gem,False,36.87477,31.47344,AYT,Antalya (AYT),≈2h50,80,75,Apr–Jun and Sep–Nov — pleasant in the forest shade even at midday,Free — unstaffed,https://en.wikipedia.org/wiki/Seleucia_(Pamphylia)
ormana-village,Ormana,Ormana,Mediterranean,Antalya,village,gem,False,37.0734,31.58409,AYT,Antalya (AYT),≈2h50,95,90,May–Oct — snow closes some of the approach roads in midwinter,Free — the Antique House charges a small fee,https://en.wikipedia.org/wiki/Erymna
ibradi-town,İbradı,İbradı,Mediterranean,Antalya,village,gem,False,37.09639,31.59611,AYT,Antalya (AYT),≈2h50,95,90,May–Oct — winter brings snow and the gorge road ices over,Free,https://en.wikipedia.org/wiki/%C4%B0brad%C4%B1
altinbesik-cave,Altınbeşik Cave,Altınbeşik Mağarası,Mediterranean,Antalya,water,gem,False,37.03742,31.63333,AYT,Antalya (AYT),≈2h50,100,95,Mar–Jun when meltwater fills the lake; boats often stop running by late summer,₺200 (≈€4.50) including the boat,https://en.wikipedia.org/wiki/Alt%C4%B1nbe%C5%9Fik_Cave_National_Park
alara-castle-alarahan,Alara Castle and Alarahan,Alara Kalesi ve Alarahan,Mediterranean,Antalya,heritage,gem,False,36.6472,31.6672,AYT,Antalya (AYT),≈2h50,105,100,Mar–Jun and Sep–Nov — the tunnel climb is brutal in midsummer heat,Free for the han; small fee for the castle path,https://en.wikipedia.org/wiki/Alara_Castle
akseki-town,Akseki,Akseki,Mediterranean,Antalya,village,gem,False,37.04861,31.79,AYT,Antalya (AYT),≈2h50,115,110,"May–Oct — heavy snow between December and March, though the town stays reachable",Free,https://en.wikipedia.org/wiki/Akseki
alanya-castle,Alanya Castle,Alanya Kalesi,Mediterranean,Antalya,heritage,icon,False,36.53321,31.99076,AYT,Antalya (AYT),≈2h50,150,145,Mar–Jun and Sep–Nov — the climb in July heat is punishing,€12 for foreigners for the citadel · covered by Museum Pass Türkiye; cable car around ₺250 (≈€6),https://en.wikipedia.org/wiki/Alanya_Castle
damlatas-cave,Damlataş Cave,Damlataş Mağarası,Mediterranean,Antalya,water,gem,False,36.5437,31.9932,AYT,Antalya (AYT),≈2h50,145,140,All year — the cool interior is a relief in July and August,₺150 (≈€3.50),https://en.wikipedia.org/wiki/Damlata%C5%9F_Cave
cleopatra-beach-alanya,Cleopatra Beach,Kleopatra Plajı,Mediterranean,Antalya,coast,icon,False,36.55,32,AYT,Antalya (AYT),≈2h50,150,145,May–Oct — the water stays swimmable into November,Free; sunbed and umbrella around ₺400 (≈€9),https://en.wikipedia.org/wiki/Alanya
dim-cayi-river,Dim Çayı,Dim Çayı,Mediterranean,Antalya,water,gem,False,36.5525,32.18778,AYT,Antalya (AYT),≈2h50,170,165,Jun–Sep — the whole point is the cold water when the coast is at 38 °C,Free along the river; Dim Cave ₺200 (≈€4.50),https://en.wikipedia.org/wiki/Dim_River
sapadere-canyon,Sapadere Canyon,Sapadere Kanyonu,Mediterranean,Antalya,water,gem,False,36.5,32.3,AYT,Antalya (AYT),≈2h50,185,180,May–Oct — the walkway closes in winter and after heavy rain,₺250 (≈€5.50),"https://en.wikipedia.org/wiki/Sapadere,_Alanya"
gazipasa-town,Gazipaşa,Gazipaşa,Mediterranean,Antalya,city,gem,False,36.27278,32.31306,AYT,Antalya (AYT),≈2h50,200,195,May–Oct for swimming; Mar–Apr for the coast road and the hills in flower,Free — Selinus is unstaffed,https://en.wikipedia.org/wiki/Gazipa%C5%9Fa
anemurium-ancient-city,Anemurium,Anemurium Antik Kenti,Mediterranean,Mersin,ruins,gem,False,36.02427,32.8026,AYT,Antalya (AYT),≈2h50,265,255,Apr–Jun and Sep–Nov — July and August are merciless with zero shade,₺180 (≈€4) · covered by Museum Pass Türkiye,https://en.wikipedia.org/wiki/Anemurium
mamure-castle,Mamure Castle,Mamure Kalesi,Mediterranean,Mersin,heritage,icon,False,36.10048,32.89322,AYT,Antalya (AYT),≈2h50,270,260,Apr–Jun and Sep–Nov — the walls throw no shade at midday,₺150 (≈€3.50) · covered by Museum Pass Türkiye,https://en.wikipedia.org/wiki/Mamure_Castle
aydincik-kelenderis,Aydıncık (Kelenderis),Aydıncık,Mediterranean,Mersin,coast,gem,False,36.14167,33.31778,ADA,Adana Şakirpaşa (ADA),≈5h10,260,250,Jun–Oct for the water; May and Nov for walking the coast,Beaches free; Gilindire cave around ₺150 (≈€3.50),"https://en.wikipedia.org/wiki/Ayd%C4%B1nc%C4%B1k,_Mersin"
silifke-town,Silifke,Silifke,Mediterranean,Mersin,city,gem,False,36.37611,33.93222,ADA,Adana Şakirpaşa (ADA),≈5h10,180,175,Mar–Jun and Sep–Nov — the valley is humid and heavy in high summer,Castle free; museum ₺150 (≈€3.50) · covered by Museum Pass Türkiye,https://en.wikipedia.org/wiki/Silifke
uzuncaburc-diocaesarea,Uzuncaburç (Diocaesarea),Uzuncaburç,Mediterranean,Mersin,ruins,gem,False,36.58333,33.93333,ADA,Adana Şakirpaşa (ADA),≈5h10,165,160,May–Oct — the plateau road can ice over in winter and the site empties,₺150 (≈€3.50) · Museum Pass Türkiye accepted,https://en.wikipedia.org/wiki/Uzuncabur%C3%A7
cennet-cehennem-sinkholes,Heaven and Hell Sinkholes,Cennet ve Cehennem Obrukları,Mediterranean,Mersin,water,icon,False,36.4454,34.11093,ADA,Adana Şakirpaşa (ADA),≈5h10,155,150,Apr–Jun and Sep–Nov — the climb back out of Heaven in August is punishing,"₺200 (≈€4.50) for the site, Asthma Cave a small extra fee",https://en.wikipedia.org/wiki/Cennet_and_Cehennem
narlikuyu-three-graces,Narlıkuyu,Narlıkuyu,Mediterranean,Mersin,village,gem,False,36.45,34.11667,ADA,Adana Şakirpaşa (ADA),≈5h10,155,150,Apr–Jun and Sep–Oct — lunchtimes in August need booking,Mosaic museum ₺100 (≈€2.30) · covered by Museum Pass Türkiye,https://en.wikipedia.org/wiki/Narl%C4%B1kuyu
kizkalesi-maidens-castle,Kızkalesi (Maiden's Castle),Kızkalesi,Mediterranean,Mersin,heritage,icon,False,36.46667,34.15,ADA,Adana Şakirpaşa (ADA),≈5h10,150,145,May–Jun and Sep–Oct — the beach is wall-to-wall Adana and Konya families in August,Free beach; boat return around ₺300 (≈€7) per person,https://en.wikipedia.org/wiki/K%C4%B1zkalesi
korykos-corycus,Korykos (Corycus),Korykos,Mediterranean,Mersin,ruins,gem,False,36.46528,34.15417,ADA,Adana Şakirpaşa (ADA),≈5h10,150,145,Mar–May and Oct–Nov — the tombs are shadeless and the stone bakes in midsummer,Free — the land castle is unstaffed,https://en.wikipedia.org/wiki/Corycus
kanlidivane-canytelis,Kanlıdivane,Kanlıdivane,Mediterranean,Mersin,ruins,gem,False,36.52505,34.17897,ADA,Adana Şakirpaşa (ADA),≈5h10,145,140,"Mar–May and Oct–Nov — no shade at all, and the plateau wind is welcome",Small fee — check locally; often unstaffed,https://en.wikipedia.org/wiki/Kanl%C4%B1divane
cehennemdere-valley,Cehennemdere Valley,Cehennemdere Vadisi,Mediterranean,Mersin,water,gem,False,36.60556,34.31111,ADA,Adana Şakirpaşa (ADA),≈5h10,125,120,May–Oct — the forest road is unreliable after heavy winter rain,Free — a small forestry picnic-ground fee in summer,https://en.wikipedia.org/wiki/Erdemli
cilician-gates-gulek,The Cilician Gates,Gülek Boğazı,Mediterranean,Mersin,drive,icon,False,37.28528,34.78611,ADA,Adana Şakirpaşa (ADA),≈5h10,70,70,Apr–Nov — snow and fog close the old road in midwinter,Free,https://en.wikipedia.org/wiki/Cilician_Gates
tarsus-old-town,Tarsus,Tarsus,Mediterranean,Mersin,city,icon,False,36.9165,34.8951,ADA,Adana Şakirpaşa (ADA),≈5h10,45,45,Mar–May and Oct–Nov — the Çukurova humidity in July and August is genuinely unpleasant,Mostly free; Saint Paul's Well and the museum around ₺100 (≈€2.30) each,"https://en.wikipedia.org/wiki/Tarsus,_Mersin"
kapikaya-canyon,Kapıkaya Canyon,Kapıkaya Kanyonu,Mediterranean,Adana,water,gem,False,37.24444,34.97667,ADA,Adana Şakirpaşa (ADA),≈5h10,50,50,Apr–Jun and Sep–Oct — spring meltwater can close the boardwalk,₺100 (≈€2.30) plus a small parking fee,https://en.wikipedia.org/wiki/Kap%C4%B1kaya_Canyon
varda-viaduct,Varda Viaduct,Varda Köprüsü,Mediterranean,Adana,drive,icon,False,37.243,34.97684,ADA,Adana Şakirpaşa (ADA),≈5h10,50,50,Apr–Jun and Sep–Nov — the gorge is an oven in high summer,Free; regional train ticket around ₺50 (≈€1.10),https://en.wikipedia.org/wiki/Varda_Viaduct
adana-kebap-salgam,Adana Kebap and Şalgam,Adana Kebabı ve Şalgam,Mediterranean,Adana,city,icon,False,37.10242,35.30611,ADA,Adana Şakirpaşa (ADA),≈5h10,20,20,Year-round — Oct–May is more comfortable for eating outdoors,Free — a portion with şalgam and bread around ₺400–600 (≈€9–13),https://en.wikipedia.org/wiki/Adana_kebab%C4%B1
sabanci-merkez-mosque,Sabancı Central Mosque,Sabancı Merkez Camii,Mediterranean,Adana,heritage,icon,False,36.99139,35.33417,ADA,Adana Şakirpaşa (ADA),≈5h10,5,5,Year-round — visit in the early morning or after sunset in July and August,"Free — modest dress, headscarves lent at the door",https://en.wikipedia.org/wiki/Sabanc%C4%B1_Merkez_Mosque
adana-stone-bridge,Adana Stone Bridge,Taşköprü,Mediterranean,Adana,heritage,icon,False,36.98611,35.33528,ADA,Adana Şakirpaşa (ADA),≈5h10,5,5,"Year-round — evenings only from June to September, when daytime hits 40 °C",Free,https://en.wikipedia.org/wiki/Stone_Bridge_(Adana)
yumurtalik-ayas,Yumurtalık,Yumurtalık,Mediterranean,Adana,coast,gem,False,36.76778,35.79222,ADA,Adana Şakirpaşa (ADA),≈5h10,65,65,Jun–Sep for swimming; Nov–Mar for the birds on the lagoons,Free; lagoon reserve free but the tracks need a high car,https://en.wikipedia.org/wiki/Yumurtal%C4%B1k
yilankale-snake-castle,Yılankale (Snake Castle),Yılankale,Mediterranean,Adana,heritage,gem,False,37.02888,35.81244,ADA,Adana Şakirpaşa (ADA),≈5h10,60,60,Mar–May and Oct–Nov — the rock reflects heat viciously in summer,Free — unstaffed,https://en.wikipedia.org/wiki/Y%C4%B1lankale
arsuz-rhosus,Arsuz,Arsuz,Mediterranean,Hatay,coast,gem,False,36.41278,35.88667,HTY,Hatay (HTY),≈5h20,45,45,Jun–Sep for swimming; May and Oct for the promenade without crowds,Free; sunbed pairs around ₺300 (≈€7),https://en.wikipedia.org/wiki/Arsuz
musa-dagi,Musa Dağı,Musa Dağı,Mediterranean,Hatay,mountain,gem,False,36.25833,35.90361,HTY,Hatay (HTY),≈5h20,45,45,Apr–Jun and Oct–Nov — summer is too hot for the ascent and winter fog sits on the ridge,Free,https://en.wikipedia.org/wiki/Musa_Dagh
anavarza-anazarbus,Anavarza (Anazarbus),Anavarza,Mediterranean,Adana,ruins,gem,False,37.26389,35.90556,ADA,Adana Şakirpaşa (ADA),≈5h10,85,80,Mar–May and Oct–Nov — the plain routinely passes 40 °C in July and August,Small fee — check locally; the village mosaic museum is separate,https://en.wikipedia.org/wiki/Anazarbus
titus-tunnel-cevlik,Titus Tunnel,Vespasianus Titus Tüneli,Mediterranean,Hatay,ruins,gem,False,36.12056,35.92194,HTY,Hatay (HTY),≈5h20,55,55,Apr–Jun and Sep–Nov — after heavy rain water runs through the tunnel floor,₺150 (≈€3.50) · covered by Museum Pass Türkiye,https://en.wikipedia.org/wiki/Vespasianus_Titus_Tunnel
vakifli-armenian-village,Vakıflı,Vakıflı Köyü,Mediterranean,Hatay,village,gem,False,36.11472,35.97528,HTY,Hatay (HTY),≈5h20,50,50,Apr–Jun and Sep–Nov — the citrus harvest runs through late autumn,Free — donations at the church,"https://en.wikipedia.org/wiki/Vak%C4%B1fl%C4%B1,_Samanda%C4%9F"
samandag-coast,Samandağ,Samandağ,Mediterranean,Hatay,coast,gem,False,36.085,35.98056,HTY,Hatay (HTY),≈5h20,55,55,May–Jun and Sep–Oct — turtle nesting restricts parts of the beach in high summer,Free,https://en.wikipedia.org/wiki/Samanda%C4%9F
yayladagi-kel-dagi,Yayladağı and Kel Dağı,Yayladağı ve Kel Dağı,Mediterranean,Hatay,mountain,gem,False,35.9025,36.06056,HTY,Hatay (HTY),≈5h20,70,70,"May–Oct — winter brings fog, snow and closed forest roads",Free — carry your passport for the checkpoints,https://en.wikipedia.org/wiki/Yaylada%C4%9F%C4%B1
harbiye-daphne,Harbiye (Daphne),Harbiye,Mediterranean,Hatay,water,gem,False,36.145,36.14111,HTY,Hatay (HTY),≈5h20,35,35,Apr–Jun and Sep–Oct — the water is thinnest in late summer,Free to enter the valley; café terraces expect an order,"https://en.wikipedia.org/wiki/Harbiye,_Defne"
hatay-mosaic-museum,Hatay Archaeology Museum,Hatay Arkeoloji Müzesi,Mediterranean,Hatay,heritage,icon,False,36.2019,36.16,HTY,Hatay (HTY),≈5h20,25,25,Year-round — an obvious refuge on a 40 °C afternoon,€9 for foreigners · covered by Museum Pass Türkiye,https://en.wikipedia.org/wiki/Hatay_Archaeology_Museum
antakya-old-town,Antakya Old Town,Antakya Eski Şehir,Mediterranean,Hatay,city,icon,False,36.2025,36.16056,HTY,Hatay (HTY),≈5h20,25,25,Mar–May and Oct–Nov — verify what is open before you commit to the trip,Free to walk; individual monuments vary and several remain closed,https://en.wikipedia.org/wiki/Antakya
st-pierre-church-antakya,Church of Saint Peter,Sen Piyer Kilisesi,Mediterranean,Hatay,heritage,icon,False,36.2094,36.1783,HTY,Hatay (HTY),≈5h20,25,25,Mar–May and Oct–Nov — check the reopening status before you plan around it,€6 for foreigners when open · covered by Museum Pass Türkiye — verify before travelling,https://en.wikipedia.org/wiki/Church_of_Saint_Peter
hierapolis-castabala,Hierapolis Castabala,Hierapolis Kastabala,Mediterranean,Osmaniye,ruins,gem,False,37.17743,36.18744,KCM,Kahramanmaraş (KCM),≈5h30,100,95,Mar–May and Oct–Nov — the plain is 40 °C and shadeless in summer,Free — unstaffed,https://en.wikipedia.org/wiki/Castabala_(city)
belen-pass,Belen Pass,Belen Geçidi,Mediterranean,Hatay,drive,gem,False,36.4795,36.232,HTY,Hatay (HTY),≈5h20,20,20,Year-round — fog and ice are common on the top in January and February,Free,https://en.wikipedia.org/wiki/Belen_Pass
karatepe-aslantas,Karatepe-Aslantaş,Karatepe-Aslantaş,Mediterranean,Osmaniye,ruins,gem,False,37.29573,36.25395,KCM,Kahramanmaraş (KCM),≈5h30,90,85,Apr–Jun and Sep–Nov — the site closes early in winter and the woods are wet,₺150 (≈€3.50) · covered by Museum Pass Türkiye,https://en.wikipedia.org/wiki/Karatepe
zorkun-yaylasi,Zorkun Yayla,Zorkun Yaylası,Mediterranean,Osmaniye,mountain,gem,False,36.75,36.33333,HTY,Hatay (HTY),≈5h20,55,55,Jun–Sep — snowbound and largely shuttered from December to March,Free,https://en.wikipedia.org/wiki/Nur_Mountains
maras-dondurma,Maraş Ice Cream,Maraş Dondurması,Mediterranean,Kahramanmaraş,city,icon,False,37.78303,36.83066,KCM,Kahramanmaraş (KCM),≈5h30,40,40,"Year-round — the old shops keep going through winter, which is when locals prefer it",Free — a plate of kesme dondurma around ₺150 (≈€3.50),https://en.wikipedia.org/wiki/Dondurma
dongel-caves,Döngel Caves,Döngel Mağaraları,Mediterranean,Kahramanmaraş,water,gem,False,37.57778,36.92361,KCM,Kahramanmaraş (KCM),≈5h30,5,5,May–Oct — the access road is unreliable when snow lies on the hills,Small fee — check locally,https://en.wikipedia.org/wiki/Oniki%C5%9Fubat
kahramanmaras-castle,Kahramanmaraş Castle,Kahramanmaraş Kalesi,Mediterranean,Kahramanmaraş,heritage,gem,False,37.58639,36.92583,KCM,Kahramanmaraş (KCM),≈5h30,10,10,"Apr–Jun and Sep–Nov — the summer plain is brutally hot, winter cold and grey",Free when open; the museum around ₺150 (≈€3.50) · Museum Pass Türkiye accepted,https://en.wikipedia.org/wiki/Kahramanmara%C5%9F_Castle
germanicia-mosaics,Germanicia Mosaics,Germanicia Antik Kenti,Mediterranean,Kahramanmaraş,ruins,gem,False,37.58333,36.93333,KCM,Kahramanmaraş (KCM),≈5h30,5,5,Apr–Jun and Sep–Nov — the shelters get very hot in midsummer,Small fee — check locally at the Kahramanmaraş museum,https://en.wikipedia.org/wiki/Kahramanmara%C5%9F
yedikuyular-ski,Yedikuyular Ski Centre,Yedikuyular Kayak Merkezi,Mediterranean,Kahramanmaraş,mountain,gem,False,37.64806,37.04168,KCM,Kahramanmaraş (KCM),≈5h30,20,20,Late Dec–Mar for snow; Jun–Sep for the plateau meadows and paragliding,"Day pass around ₺500 (≈€11), hire extra",https://en.wikipedia.org/wiki/Yedikuyular_Ski_Resort
odunpazari,Odunpazarı,Odunpazarı,Central Anatolia,Eskişehir,city,icon,False,39.75889,30.52583,AOE,Eskişehir Hasan Polatkan (AOE),≈4h50,5,5,Apr–Jun and Sep–Oct — Eskişehir winters are grey and bitter,Free (quarter) · OMM museum ₺250 (≈€5),https://en.wikipedia.org/wiki/Odunpazar%C4%B1
seyitgazi,Seyitgazi Complex,Seyyid Battal Gazi Külliyesi,Central Anatolia,Eskişehir,heritage,gem,False,39.44556,30.69389,AOE,Eskişehir Hasan Polatkan (AOE),≈4h50,55,55,Apr–Jun and Sep–Oct — exposed and freezing on the spur in winter,Free · donations expected at the tomb,https://en.wikipedia.org/wiki/Seyitgazi
midas-city-phrygian-valley,Midas City & the Phrygian Valley,Yazılıkaya (Midas Şehri) ve Frig Vadisi,Central Anatolia,Eskişehir,ruins,gem,False,39.2,30.71667,KZR,Kütahya Zafer (KZR),≈5h00,65,65,Apr–Jun and Sep–Oct — snow closes the plateau tracks in winter,Free,"https://en.wikipedia.org/wiki/Yaz%C4%B1l%C4%B1,_Han"
sakarbasi-ciftele,Sakarbaşı Springs,Sakarbaşı Kaynakları,Central Anatolia,Eskişehir,water,gem,False,39.38306,31.03917,AOE,Eskişehir Hasan Polatkan (AOE),≈4h50,85,80,May–Sep — the colour is best in strong overhead light,Free,https://en.wikipedia.org/wiki/%C3%87ifteler
nallihan-coloured-hills,Nallıhan Coloured Hills,Nallıhan Renkli Tepeler,Central Anatolia,Ankara,mountain,gem,False,40.18361,31.35056,AOE,Eskişehir Hasan Polatkan (AOE),≈4h50,105,100,Mar–May and Oct–Nov — colour saturates after rain and in low sun,Free,https://en.wikipedia.org/wiki/Nall%C4%B1han
kubad-abad-palace,Kubad Abad Palace,Kubad Abad Sarayı,Central Anatolia,Konya,ruins,gem,False,37.74347,31.43928,ISE,Isparta Süleyman Demirel (ISE),≈5h10,125,120,Apr–Jun and Sep–Oct — muddy access in winter,Free,https://en.wikipedia.org/wiki/Kubadabad_Palace
nallihan-bird-sanctuary,Nallıhan Bird Sanctuary,Nallıhan Kuş Cenneti,Central Anatolia,Ankara,nature,gem,False,40.1653,31.4478,AOE,Eskişehir Hasan Polatkan (AOE),≈4h50,115,110,Mar–May and Sep–Nov for migration; the marsh shrinks badly by August,Free,https://en.wikipedia.org/wiki/Nall%C4%B1han
balikdami,Balıkdamı Wetland,Balıkdamı Sulak Alanı,Central Anatolia,Eskişehir,nature,gem,False,39.1747,31.4506,AOE,Eskişehir Hasan Polatkan (AOE),≈4h50,140,135,Mar–May and Sep–Nov — dry and dull by late summer,Free,https://en.wikipedia.org/wiki/Sivrihisar
derebucak-caves,Derebucak Caves,Derebucak Mağaraları,Central Anatolia,Konya,water,gem,False,37.39361,31.5075,AYT,Antalya (AYT),≈2h50,110,105,May–Oct — the river caves are dangerous or shut in the wet months,Small fee — check locally,https://en.wikipedia.org/wiki/Derebucak
sivrihisar,Sivrihisar,Sivrihisar,Central Anatolia,Eskişehir,village,gem,False,39.45,31.53778,AOE,Eskişehir Hasan Polatkan (AOE),≈4h50,125,120,Apr–Jun and Sep–Oct — the crags glow at sunset,Free,https://en.wikipedia.org/wiki/Sivrihisar
lake-beysehir,Lake Beyşehir,Beyşehir Gölü,Central Anatolia,Konya,water,icon,False,37.78333,31.55,KYA,Konya (KYA),≈5h00,120,115,May–Sep for the lake; Oct for clear air and empty shores,Free · boat trips roughly ₺500–1000 (≈€10–20) per boat,https://en.wikipedia.org/wiki/Lake_Bey%C5%9Fehir
pessinus,Pessinus,Pessinus (Ballıhisar),Central Anatolia,Eskişehir,ruins,gem,False,39.33145,31.58328,AOE,Eskişehir Hasan Polatkan (AOE),≈4h50,135,130,"Apr–Jun and Sep–Oct — mud in spring, stubble and heat in summer",Free,https://en.wikipedia.org/wiki/Pessinus
esrefoglu-mosque,Eşrefoğlu Mosque,Eşrefoğlu Camii,Central Anatolia,Konya,heritage,gem,True,37.6832,31.7197,KYA,Konya (KYA),≈5h00,105,100,Year-round — snow falling through the roof opening in winter is the point,Free · donation box at the door,https://en.wikipedia.org/wiki/E%C5%9Frefo%C4%9Flu_Mosque
seydisehir,Seydişehir,Seydişehir,Central Anatolia,Konya,village,gem,False,37.41833,31.85056,KYA,Konya (KYA),≈5h00,115,110,May–Oct — the pass to Antalya can close in heavy winter snow,Free,https://en.wikipedia.org/wiki/Seydi%C5%9Fehir
beypazari,Beypazarı,Beypazarı,Central Anatolia,Ankara,village,icon,False,40.17028,31.92111,ESB,Ankara Esenboğa (ESB),≈2h40,120,115,Apr–Jun and Sep–Oct — weekdays if you want the streets to yourself,Free (town) · small fee for the Living Museum house,https://en.wikipedia.org/wiki/Beypazar%C4%B1
gordion,Gordion,Gordion,Central Anatolia,Ankara,ruins,icon,True,39.65036,31.97824,ESB,Ankara Esenboğa (ESB),≈2h40,130,125,Apr–Jun and Sep–Oct — the plain is a furnace in July and August,"₺300 (≈€6) for museum, tumulus and site · covered by Museum Pass Türkiye",https://en.wikipedia.org/wiki/Gordion
porsuk-river-eskisehir,The Porsuk in Eskişehir,Porsuk Çayı,Central Anatolia,Eskişehir,city,icon,False,39.7,31.98333,ESB,Ankara Esenboğa (ESB),≈2h40,130,125,May–Sep evenings — the gondolas stop running in the cold months,Free · gondola around ₺150 (≈€3),https://en.wikipedia.org/wiki/Porsuk_River
ayas-ankara,Ayaş,Ayaş,Central Anatolia,Ankara,village,gem,False,40.01667,32.33333,ESB,Ankara Esenboğa (ESB),≈2h40,75,75,May–Oct — the tomato season peaks Aug–Sep and the market is at its best,Free,https://en.wikipedia.org/wiki/Aya%C5%9F
sille,Sille,Sille,Central Anatolia,Konya,village,gem,False,37.92639,32.41667,KYA,Konya (KYA),≈5h00,20,20,Apr–Jun and Sep–Nov — pretty under snow but slippery,Small fee for the church — under €2,"https://en.wikipedia.org/wiki/Sille,_Konya"
alaeddin-hill,Alâeddin Hill,Alâeddin Tepesi,Central Anatolia,Konya,heritage,icon,False,37.87266,32.49205,KYA,Konya (KYA),≈5h00,15,15,Apr–Jun and Sep–Oct — the plane trees give real shade in summer,Free (mosque and park) · Karatay Medrese small fee,https://en.wikipedia.org/wiki/Al%C3%A2eddin_Mosque
mevlana-museum,Mevlâna Museum,Mevlâna Müzesi,Central Anatolia,Konya,heritage,icon,False,37.87056,32.50472,KYA,Konya (KYA),≈5h00,15,15,"Year-round — 17 December, the Şeb-i Arus, is the annual peak and books out",₺200 (≈€4) · covered by Museum Pass Türkiye,https://en.wikipedia.org/wiki/Mevl%C3%A2na_Museum
yerkopru-waterfall-hadim,Yerköprü Waterfall,Yerköprü Şelalesi,Central Anatolia,Konya,water,gem,False,36.9525,32.5578,KYA,Konya (KYA),≈5h00,150,145,Apr–Jun at full flow; Sep–Oct for warm water and low crowds,Free · small parking charge,https://en.wikipedia.org/wiki/Yerk%C3%B6pr%C3%BC_Waterfall
soguksu-national-park,Soğuksu National Park & Kızılcahamam,Soğuksu Milli Parkı ve Kızılcahamam,Central Anatolia,Ankara,nature,icon,False,40.45413,32.62232,ESB,Ankara Esenboğa (ESB),≈2h40,65,65,May–Oct for the forest; Dec–Feb for snow and a hot pool,Small vehicle fee for the national park · thermal pools charged separately,https://en.wikipedia.org/wiki/So%C4%9Fuksu_National_Park
catalhoyuk,Çatalhöyük,Çatalhöyük,Central Anatolia,Konya,ruins,icon,True,37.66667,32.82806,KYA,Konya (KYA),≈5h00,55,55,Apr–Jun and Sep–Oct — the Konya plain hits 38 °C with no shade in summer,₺200 (≈€4) · covered by Museum Pass Türkiye,https://en.wikipedia.org/wiki/%C3%87atalh%C3%B6y%C3%BCk
eymir-lake,Lake Eymir,Eymir Gölü,Central Anatolia,Ankara,water,gem,False,39.82423,32.82886,ESB,Ankara Esenboğa (ESB),≈2h40,50,50,Apr–Jun and Sep–Oct — the poplars turn gold in late October,Free on foot · small charge for cars,https://en.wikipedia.org/wiki/Lake_Eymir
anitkabir,Anıtkabir,Anıtkabir,Central Anatolia,Ankara,heritage,icon,False,39.92556,32.83778,ESB,Ankara Esenboğa (ESB),≈2h40,35,35,Apr–Jun and Sep–Oct — the ceremonial court has zero shade in August,Free,https://en.wikipedia.org/wiki/An%C4%B1tkabir
haci-bayram-mosque,Hacı Bayram Mosque,Hacı Bayram Camii,Central Anatolia,Ankara,heritage,icon,False,39.94417,32.85778,ESB,Ankara Esenboğa (ESB),≈2h40,30,30,Year-round — Friday midday and religious holidays are packed,Free,https://en.wikipedia.org/wiki/Haji_Bayram_Mosque
temple-of-augustus-ankara,Temple of Augustus and Rome,Augustus Tapınağı,Central Anatolia,Ankara,ruins,gem,False,39.94427,32.85831,ESB,Ankara Esenboğa (ESB),≈2h40,30,30,Apr–Jun and Sep–Oct — legible light is better on an overcast day,Free,https://en.wikipedia.org/wiki/Temple_of_Augustus_and_Rome
museum-of-anatolian-civilizations,Museum of Anatolian Civilizations,Anadolu Medeniyetleri Müzesi,Central Anatolia,Ankara,heritage,icon,False,39.93833,32.86194,ESB,Ankara Esenboğa (ESB),≈2h40,30,30,Year-round — an obvious refuge on a wet or freezing Ankara day,₺700 (≈€15) · covered by Museum Pass Türkiye,https://en.wikipedia.org/wiki/Museum_of_Anatolian_Civilizations
ankara-castle,Ankara Castle,Ankara Kalesi,Central Anatolia,Ankara,heritage,icon,False,39.94167,32.865,ESB,Ankara Esenboğa (ESB),≈2h40,30,30,Apr–Jun and Sep–Nov — the cobbles ice over in winter,Free,https://en.wikipedia.org/wiki/Ankara_Castle
ermenek,Ermenek,Ermenek,Central Anatolia,Karaman,village,gem,False,36.63889,32.8925,KYA,Konya (KYA),≈5h00,195,190,May–Oct — mountain roads in and out are snow-affected in winter,Free,https://en.wikipedia.org/wiki/Ermenek
hamamonu,Hamamönü,Hamamönü,Central Anatolia,Ankara,city,gem,False,39.96361,32.90333,ESB,Ankara Esenboğa (ESB),≈2h40,25,25,"Apr–Jun and Sep–Oct — Ramadan evenings are the liveliest, and coldest in Jan",Free,https://en.wikipedia.org/wiki/Alt%C4%B1nda%C4%9F
binbir-kilise,Binbir Kilise,Binbirkilise,Central Anatolia,Karaman,ruins,gem,False,37.43722,33.14417,KYA,Konya (KYA),≈5h00,105,100,May–Jun and Sep–Oct — the mountain track is impassable in snow and mud,Free,https://en.wikipedia.org/wiki/Binbirkilise
obruk-han,Obruk Han & Sinkhole,Obruk Hanı ve Obruk Gölü,Central Anatolia,Konya,heritage,gem,False,38.2311,33.1789,KYA,Konya (KYA),≈5h00,80,75,Apr–Jun and Sep–Oct — nothing but glare and heat in July and August,Free,https://en.wikipedia.org/wiki/Konya
karaman-hatuniye,Karaman Old Town,Karaman Tarihi Merkezi,Central Anatolia,Karaman,heritage,gem,False,37.18194,33.21806,KYA,Konya (KYA),≈5h00,140,135,Apr–Jun and Sep–Oct — the plain is hot and dusty in high summer,Free · museum small fee,https://en.wikipedia.org/wiki/Karaman
tuz-golu-aksaray,Lake Tuz (Aksaray shore),Tuz Gölü,Central Anatolia,Aksaray,nature,icon,False,38.73333,33.38333,NAV,Nevşehir Kapadokya (NAV),≈5h10,130,125,Jul–Sep for the pink water and salt harvest; in spring it is shallow brine and mud,Free · some private shore access points charge ≈₺100 (€2.50) for parking,https://en.wikipedia.org/wiki/Lake_Tuz
kapulukaya-kirikkale,Kapulukaya Reservoir,Kapulukaya Barajı,Central Anatolia,Kırıkkale,water,gem,False,39.84,33.50528,ESB,Ankara Esenboğa (ESB),≈2h40,70,70,Apr–Jun and Sep–Oct — the hills are scorched brown by July,Free,https://en.wikipedia.org/wiki/K%C4%B1r%C4%B1kkale
hirfanli-reservoir,Hirfanlı Reservoir,Hirfanlı Baraj Gölü,Central Anatolia,Kırşehir,water,gem,False,39.2723,33.5188,NAV,Nevşehir Kapadokya (NAV),≈5h10,135,130,May–Sep for swimming and boats; windy and bleak from November to March,Free,https://en.wikipedia.org/wiki/Hirfanl%C4%B1_Dam
sultanhani-caravanserai,Sultanhanı Caravanserai,Sultanhanı Kervansarayı,Central Anatolia,Aksaray,heritage,icon,False,38.2478,33.54657,KYA,Konya (KYA),≈5h00,120,115,Year-round; the courtyard bakes in July and the hall is icy in January,≈₺200 (€5) · covered by Museum Pass Türkiye,https://en.wikipedia.org/wiki/Sultan_Han
karapinar-obruks,Karapınar Obruks,Karapınar Obrukları,Central Anatolia,Konya,water,gem,False,37.71472,33.55083,KYA,Konya (KYA),≈5h00,120,115,Apr–Jun and Sep–Oct — the plain is 38 °C and shadeless in high summer,Free,https://en.wikipedia.org/wiki/Karap%C4%B1nar
manazan-caves,Manazan Caves,Manazan Mağaraları,Central Anatolia,Karaman,ruins,gem,False,37.1656,33.5911,KYA,Konya (KYA),≈5h00,165,160,Apr–Jun and Sep–Oct — the valley is fiercely hot in midsummer,Free,"https://en.wikipedia.org/wiki/Ta%C5%9Fkale,_Karaman"
taskale-granaries,Taşkale Granaries,Taşkale Tahıl Ambarları,Central Anatolia,Karaman,heritage,gem,False,37.14194,33.61111,KYA,Konya (KYA),≈5h00,170,165,Apr–Jun and Sep–Oct — the cliff face bakes in July and August,Free,"https://en.wikipedia.org/wiki/Ta%C5%9Fkale,_Karaman"
cankiri-salt-cave,Çankırı Salt Cave,Çankırı Tuz Mağarası,Central Anatolia,Çankırı,water,gem,False,40.59861,33.61917,ESB,Ankara Esenboğa (ESB),≈2h40,95,90,Year-round — constant temperature makes it a good winter or heatwave stop,Around ₺250 (≈€5) — check locally,https://en.wikipedia.org/wiki/%C3%87ank%C4%B1r%C4%B1
meke-crater-lake,Meke Crater Lake,Meke Gölü,Central Anatolia,Konya,water,icon,False,37.6844,33.6383,KYA,Konya (KYA),≈5h00,130,125,Mar–May and Oct–Nov — summer heat and glare are punishing,Free,https://en.wikipedia.org/wiki/Karap%C4%B1nar
ilgaz-mountain-national-park,Ilgaz Mountain National Park,Ilgaz Dağı Milli Parkı,Central Anatolia,Çankırı,mountain,icon,False,41.0725,33.7286,KFS,Kastamonu (KFS),≈5h10,35,35,Dec–Mar for skiing; Jun–Sep for the meadows and ridge walks,Small national park vehicle fee · ski passes charged separately,https://en.wikipedia.org/wiki/Ilgaz_Mountains
kaman-kalehoyuk,Kaman-Kalehöyük,Kaman-Kalehöyük,Central Anatolia,Kırşehir,ruins,gem,False,39.36278,33.78667,NAV,Nevşehir Kapadokya (NAV),≈5h10,120,115,Apr–Jun and Sep–Oct; the garden is at its best in late spring,≈₺100 (€2.50) for the museum and garden,https://en.wikipedia.org/wiki/Kaman-Kaleh%C3%B6y%C3%BCk
eregli-konya,Ereğli,Ereğli,Central Anatolia,Konya,city,gem,False,37.51278,34.04833,ADA,Adana Şakirpaşa (ADA),≈5h10,160,155,Apr–Jun and Sep–Oct — cherry season is late May into June,Free (town) · museum small fee,"https://en.wikipedia.org/wiki/Ere%C4%9Fli,_Konya"
agzikara-han,Ağzıkara Han,Ağzıkarahan,Central Anatolia,Aksaray,heritage,gem,False,38.44536,34.14072,NAV,Nevşehir Kapadokya (NAV),≈5h10,65,65,Year-round; the covered hall is cold and unheated in midwinter,≈₺100 (€2.50) when the caretaker is present,https://en.wikipedia.org/wiki/A%C4%9Fz%C4%B1kara_Han
cacabey-madrasa,Cacabey Madrasa,Cacabey Medresesi,Central Anatolia,Kırşehir,heritage,gem,False,39.1467,34.1606,NAV,Nevşehir Kapadokya (NAV),≈5h10,70,70,Year-round; visit outside the five prayer times,Free,https://en.wikipedia.org/wiki/Cacabey_Madrasa
hasan-dagi,Mount Hasan,Hasan Dağı,Central Anatolia,Aksaray,mountain,icon,False,38.1275,34.16667,NAV,Nevşehir Kapadokya (NAV),≈5h10,100,95,Jun–Sep for the summit; snow lies on the cone into May and returns in October,"Free · local guide ≈₺2,000 (€45) per group",https://en.wikipedia.org/wiki/Mount_Hasan
ivriz-relief,İvriz Rock Relief,İvriz Kaya Kabartması,Central Anatolia,Konya,ruins,gem,False,37.40972,34.1725,ADA,Adana Şakirpaşa (ADA),≈5h10,140,135,Apr–Jun and Sep–Oct — the spring valley is a cool refuge in high summer,Free,https://en.wikipedia.org/wiki/%C4%B0vriz_monuments
nora-viransehir-helvadere,Nora (Viranşehir) and Helvadere,Nora Antik Kenti (Viranşehir),Central Anatolia,Aksaray,ruins,gem,False,38.2,34.2,NAV,Nevşehir Kapadokya (NAV),≈5h10,90,85,Apr–Jun and Sep–Oct; the site is exposed and the track muddy after rain,Free,https://en.wikipedia.org/wiki/Helvadere
asikli-hoyuk,Aşıklı Höyük,Aşıklı Höyük,Central Anatolia,Aksaray,ruins,gem,False,38.34889,34.23,NAV,Nevşehir Kapadokya (NAV),≈5h10,70,70,"Apr–Jun and Sep–Oct; excavation season runs in summer, when you may see work in progress",Free,https://en.wikipedia.org/wiki/A%C5%9F%C4%B1kl%C4%B1_H%C3%B6y%C3%BCk
selime-monastery,Selime Monastery,Selime Katedrali,Central Anatolia,Aksaray,ruins,icon,False,38.3,34.26667,NAV,Nevşehir Kapadokya (NAV),≈5h10,75,75,Apr–Jun and Sep–Oct; the polished rock ramps are lethal when wet or icy,≈₺250 (€6) · covered by Museum Pass Türkiye,"https://en.wikipedia.org/wiki/Selime,_G%C3%BCzelyurt"
ihlara-valley,Ihlara Valley,Ihlara Vadisi,Central Anatolia,Aksaray,water,icon,False,38.26111,34.29222,NAV,Nevşehir Kapadokya (NAV),≈5h10,80,75,Apr–Jun and Sep–Oct; the canyon floor stays cool when the plateau is at 35 °C,≈€10 for the valley · covered by Museum Pass Türkiye,https://en.wikipedia.org/wiki/Ihlara_valley
guzelyurt-gelveri,Güzelyurt (Gelveri),Güzelyurt (Gelveri),Central Anatolia,Aksaray,village,gem,False,38.27722,34.37194,NAV,Nevşehir Kapadokya (NAV),≈5h10,75,75,Apr–Jun and Sep–Oct; snow closes the higher lanes in January,Village free · Kilise Camii and monastery valley ≈₺150 (€3.50),https://en.wikipedia.org/wiki/G%C3%BCzelyurt
lake-seyfe,Lake Seyfe,Seyfe Gölü,Central Anatolia,Kırşehir,nature,gem,False,39.18972,34.42194,NAV,Nevşehir Kapadokya (NAV),≈5h10,60,60,Apr–May and Sep–Oct for migration; the lake can dry out entirely by late summer,Free,https://en.wikipedia.org/wiki/Lake_Seyfe
narligol-crater-lake,Narlıgöl Crater Lake,Narlıgöl,Central Anatolia,Niğde,water,gem,False,38.16667,34.48333,NAV,Nevşehir Kapadokya (NAV),≈5h10,90,85,Year-round; the thermal pools are best in Oct–Apr when the air is cold,Lake free · thermal pool ≈₺150 (€3.50),"https://en.wikipedia.org/wiki/%C3%87iftlik,_Ni%C4%9Fde"
hacibektas-complex,Hacı Bektaş Veli Complex,Hacıbektaş Külliyesi,Central Anatolia,Nevşehir,heritage,gem,False,38.93333,34.55,NAV,Nevşehir Kapadokya (NAV),≈5h10,25,25,Year-round; the August 16–18 commemoration fills the town completely,≈₺150 (€3.50) · covered by Museum Pass Türkiye,https://en.wikipedia.org/wiki/Haji_Bektash_Veli_Complex
tyana-kemerhisar,Tyana (Kemerhisar),"Tyana Antik Kenti, Kemerhisar",Central Anatolia,Niğde,ruins,gem,False,37.82444,34.57083,NAV,Nevşehir Kapadokya (NAV),≈5h10,135,130,Apr–Jun and Sep–Oct; Bor plain summers are hot and shadeless,Free,https://en.wikipedia.org/wiki/Kemerhisar
gulsehir-st-jean-church,"Church of St Jean, Gülşehir",Karşı Kilise (Aziz Jean Kilisesi),Central Anatolia,Nevşehir,heritage,gem,False,38.74639,34.62056,NAV,Nevşehir Kapadokya (NAV),≈5h10,10,10,Year-round; the interior is dim on overcast days,≈₺200 (€5) · covered by Museum Pass Türkiye,https://en.wikipedia.org/wiki/G%C3%BCl%C5%9Fehir
devrent-valley,Devrent Valley,Devrent Vadisi,Central Anatolia,Nevşehir,nature,gem,True,38.78167,34.68806,NAV,Nevşehir Kapadokya (NAV),≈5h10,15,15,Year-round; best in the first hour after sunrise,Free,https://en.wikipedia.org/wiki/Nev%C5%9Fehir_Province
nevsehir-castle,Nevşehir Castle,Nevşehir Kalesi,Central Anatolia,Nevşehir,heritage,gem,False,38.62639,34.71389,NAV,Nevşehir Kapadokya (NAV),≈5h10,30,30,Year-round; the ramparts are windy and exposed all winter,Free,https://en.wikipedia.org/wiki/Nev%C5%9Fehir_Castle
derinkuyu-underground-city,Derinkuyu Underground City,Derinkuyu Yeraltı Şehri,Central Anatolia,Nevşehir,ruins,icon,True,38.3735,34.7351,NAV,Nevşehir Kapadokya (NAV),≈5h10,60,60,Year-round; a constant 13 °C makes it the best stop on a 35 °C July day,≈€15 · covered by Museum Pass Türkiye,https://en.wikipedia.org/wiki/Derinkuyu_underground_city
kaymakli-underground-city,Kaymaklı Underground City,Kaymaklı Yeraltı Şehri,Central Anatolia,Nevşehir,ruins,icon,True,38.46556,34.75056,NAV,Nevşehir Kapadokya (NAV),≈5h10,50,50,"Year-round; steady 13 °C, welcome in July and August",≈€15 · covered by Museum Pass Türkiye,https://en.wikipedia.org/wiki/Kaymakli_underground_city
gumusler-monastery,Gümüşler Monastery,Eski Gümüşler Manastırı,Central Anatolia,Niğde,heritage,gem,False,37.99666,34.77121,NAV,Nevşehir Kapadokya (NAV),≈5h10,115,110,"Year-round; interiors are dim, so go on a bright day and skip early morning",≈₺200 (€5) · covered by Museum Pass Türkiye,https://en.wikipedia.org/wiki/G%C3%BCm%C3%BC%C5%9Fler_Monastery
yozgat-camlik-national-park,Yozgat Çamlığı National Park,Yozgat Çamlığı Milli Parkı,Central Anatolia,Yozgat,nature,gem,False,39.7942,34.7897,NAV,Nevşehir Kapadokya (NAV),≈5h10,150,145,May–Oct for walking; Dec–Feb for snow under the pines,Small vehicle fee — check locally,https://en.wikipedia.org/wiki/Yozgat
pigeon-valley-guvercinlik,Pigeon Valley,Güvercinlik Vadisi,Central Anatolia,Nevşehir,nature,gem,True,38.62889,34.80333,NAV,Nevşehir Kapadokya (NAV),≈5h10,35,35,Mar–Jun and Sep–Nov; parts flood briefly after spring storms,Free,https://en.wikipedia.org/wiki/U%C3%A7hisar
uchisar-castle,Uçhisar,Uçhisar,Central Anatolia,Nevşehir,village,icon,True,38.62889,34.80333,NAV,Nevşehir Kapadokya (NAV),≈5h10,35,35,Year-round; the summit platform is exposed and brutal in a winter wind,≈₺150 (€3.50) for the castle,https://en.wikipedia.org/wiki/U%C3%A7hisar
love-valley-baglidere,Love Valley,Aşıklar Vadisi (Bağlıdere),Central Anatolia,Nevşehir,nature,icon,True,38.66069,34.81961,NAV,Nevşehir Kapadokya (NAV),≈5h10,35,35,Apr–Jun and Sep–Oct; snow in the valley in Jan–Feb photographs beautifully,Free from the valley floor · roadside viewpoint car park ≈₺100 (€2.50),"https://en.wikipedia.org/wiki/Love_Valley,_Cappadocia"
zemi-valley,Zemi Valley,Zemi Vadisi,Central Anatolia,Nevşehir,nature,gem,True,38.6333,34.8258,NAV,Nevşehir Kapadokya (NAV),≈5h10,40,40,Apr–Jun and Sep–Oct; stream crossings after snowmelt in March,Free · El Nazar Church ≈₺150 (€3.50),https://en.wikipedia.org/wiki/Rock-cut_architecture_of_Cappadocia
cappadocia-ballooning,Cappadocia Hot-Air Ballooning,Kapadokya Balon Turu,Central Anatolia,Nevşehir,nature,icon,False,38.64306,34.82889,NAV,Nevşehir Kapadokya (NAV),≈5h10,40,40,"Flies year-round; Apr–Jun and Sep–Oct have the highest launch rate, winter the most cancellations",≈€180–350 per person depending on basket size and season,https://en.wikipedia.org/wiki/G%C3%B6reme
goreme-open-air-museum,Göreme Open-Air Museum,Göreme Açık Hava Müzesi,Central Anatolia,Nevşehir,ruins,icon,True,38.66667,34.83333,NAV,Nevşehir Kapadokya (NAV),≈5h10,35,35,Apr–May and Oct; January snow on the cones is worth the cold and the slippery stairs,≈€20 · Dark Church ≈€8 extra · covered by Museum Pass Türkiye,https://en.wikipedia.org/wiki/Churches_of_G%C3%B6reme
zelve-open-air-museum,Zelve Open-Air Museum,Zelve Açık Hava Müzesi,Central Anatolia,Nevşehir,ruins,icon,True,38.66667,34.83333,NAV,Nevşehir Kapadokya (NAV),≈5h10,35,35,Apr–Jun and Sep–Oct; no shade anywhere in the three valleys,≈€10 · joint ticket with Paşabağ · covered by Museum Pass Türkiye,https://en.wikipedia.org/wiki/Zelve_Monastery
pasabag-monks-valley,Paşabağ (Monks Valley),Paşabağ Vadisi,Central Anatolia,Nevşehir,nature,icon,True,38.66667,34.83333,NAV,Nevşehir Kapadokya (NAV),≈5h10,35,35,Year-round; low winter sun gives the cones the strongest shadows,≈€10 · joint ticket with Zelve · covered by Museum Pass Türkiye,https://en.wikipedia.org/wiki/Zelve_Monastery
cavusin,Çavuşin,Çavuşin,Central Anatolia,Nevşehir,village,gem,True,38.6728,34.8394,NAV,Nevşehir Kapadokya (NAV),≈5h10,35,35,Apr–Jun and Sep–Oct; the stair to the basilica is dangerous when icy,Village free · Nicephorus Phocas church ≈₺200 (€5),https://en.wikipedia.org/wiki/%C3%87avu%C5%9Fin
ozkonak-underground-city,Özkonak Underground City,Özkonak Yeraltı Şehri,Central Anatolia,Nevşehir,ruins,gem,False,38.81306,34.83944,NAV,Nevşehir Kapadokya (NAV),≈5h10,35,35,"Year-round; cool inside, and the Avanos road is clear in winter",≈₺200 (€5) · covered by Museum Pass Türkiye,https://en.wikipedia.org/wiki/%C3%96zkonak_underground_city
avanos,Avanos,Avanos,Central Anatolia,Nevşehir,village,icon,False,38.715,34.84667,NAV,Nevşehir Kapadokya (NAV),≈5h10,35,35,Apr–Oct for the river terraces; workshops are open all year,Free · pottery workshop session ≈₺400 (€9),https://en.wikipedia.org/wiki/Avanos
rose-valley-gulludere,Rose Valley (Güllüdere),Güllüdere Vadisi,Central Anatolia,Nevşehir,nature,icon,True,38.65278,34.86306,NAV,Nevşehir Kapadokya (NAV),≈5h10,40,40,Apr–Jun and Sep–Oct; midsummer afternoons are shadeless and over 33 °C,Free — ≈₺100 (€2.50) collected informally at the rock churches,https://en.wikipedia.org/wiki/G%C3%B6reme_Historical_National_Park
meskendir-valley,Meskendir Valley,Meskendir Vadisi,Central Anatolia,Nevşehir,nature,gem,True,38.62083,34.86472,NAV,Nevşehir Kapadokya (NAV),≈5h10,45,45,Apr–Jun and Sep–Oct; the tunnels stay cool even in July,Free,"https://en.wikipedia.org/wiki/Ortahisar,_Nev%C5%9Fehir"
ortahisar,Ortahisar,Ortahisar,Central Anatolia,Nevşehir,village,gem,True,38.62083,34.86472,NAV,Nevşehir Kapadokya (NAV),≈5h10,45,45,Apr–Jun and Sep–Oct; the citadel closes in high wind,Citadel ≈₺100 (€2.50) · village free,"https://en.wikipedia.org/wiki/Ortahisar,_Nev%C5%9Fehir"
red-valley-kizilcukur,Red Valley (Kızılçukur),Kızılçukur Vadisi,Central Anatolia,Nevşehir,nature,gem,True,38.61833,34.86722,NAV,Nevşehir Kapadokya (NAV),≈5h10,45,45,Apr–Jun and Sep–Oct; the clay path turns to slick paste after rain,Free · terrace cafés charge ≈₺150 (€3.50) for the sunset spot,https://en.wikipedia.org/wiki/Cappadocia
mustafapasa-sinasos,Mustafapaşa (Sinasos),Mustafapaşa (Sinasos),Central Anatolia,Nevşehir,village,gem,False,38.58639,34.89778,NAV,Nevşehir Kapadokya (NAV),≈5h10,50,50,Apr–Jun and Sep–Oct; very quiet and half-shut in midwinter,Village free · churches ≈₺100 (€2.50) each when open,"https://en.wikipedia.org/wiki/Mustafapa%C5%9Fa,_%C3%9Crg%C3%BCp"
urgup,Ürgüp,Ürgüp,Central Anatolia,Nevşehir,city,icon,False,38.63139,34.91306,NAV,Nevşehir Kapadokya (NAV),≈5h10,45,45,Apr–Jun and Sep–Oct; the grape harvest and wine festival fall in September,Free · winery tastings ≈₺300–500 (€7–12),https://en.wikipedia.org/wiki/%C3%9Crg%C3%BCp
soganli-valley,Soğanlı Valley,Soğanlı Vadisi,Central Anatolia,Kayseri,ruins,gem,False,38.34472,34.97056,NAV,Nevşehir Kapadokya (NAV),≈5h10,80,75,Apr–Jun and Sep–Oct; the valley floor is muddy after rain and very quiet in winter,≈₺150 (€3.50),https://en.wikipedia.org/wiki/So%C4%9Fanl%C4%B1_Valley
camardi,Çamardı,Çamardı,Central Anatolia,Niğde,village,gem,False,37.81667,35.16667,ADA,Adana Şakirpaşa (ADA),≈5h10,120,115,Jun–Sep for trekking; deep snow and a very quiet town from December to March,Free,https://en.wikipedia.org/wiki/Anti-Taurus_Mountains
aladaglar-national-park,Aladağlar National Park,Aladağlar Milli Parkı,Central Anatolia,Niğde,mountain,gem,False,37.82295,35.17088,ADA,Adana Şakirpaşa (ADA),≈5h10,120,115,Jun–Sep for the high routes; snow blocks the passes from November to May,"Free · guided trekking from ≈₺3,000 (€65) per day per group",https://en.wikipedia.org/wiki/Alada%C4%9Flar_National_Park
kapuzbasi-waterfalls,Kapuzbaşı Waterfalls,Kapuzbaşı Şelaleleri,Central Anatolia,Kayseri,water,gem,False,37.82295,35.17088,ADA,Adana Şakirpaşa (ADA),≈5h10,120,115,May–Jul at full volume; by September the flow drops sharply,≈₺100 (€2.50) park entrance,https://en.wikipedia.org/wiki/Alada%C4%9Flar_National_Park
sultansazligi,Sultan Marshes,Sultansazlığı Milli Parkı,Central Anatolia,Kayseri,nature,gem,False,38.24222,35.18556,ASR,Kayseri Erkilet (ASR),≈5h00,85,80,Apr–May and Sep–Oct for migration; flamingos stay into August,≈₺100 (€2.50) · boat trip ≈₺600 (€14) per boat,https://en.wikipedia.org/wiki/Sultan_Reedy_National_Park
yahyali-kapuzbasi-road,Yahyalı and the Kapuzbaşı road,Yahyalı ve Kapuzbaşı yolu,Central Anatolia,Kayseri,drive,gem,False,38.1,35.36083,ASR,Kayseri Erkilet (ASR),≈5h00,100,95,May–Oct for the gorge road; snow and rockfall close it in winter,Free,https://en.wikipedia.org/wiki/Yahyal%C4%B1
sarikaya-roman-bath,Sarıkaya Roman Bath,Sarıkaya Roma Hamamı,Central Anatolia,Yozgat,ruins,gem,False,39.49361,35.37694,ASR,Kayseri Erkilet (ASR),≈5h00,105,100,Apr–Jun and Sep–Nov — the steam shows best on a cold clear morning,Small fee — check locally,"https://en.wikipedia.org/wiki/Sar%C4%B1kaya,_Yozgat"
mount-erciyes,Mount Erciyes,Erciyes Dağı,Central Anatolia,Kayseri,mountain,icon,False,38.531,35.447,ASR,Kayseri Erkilet (ASR),≈5h00,35,35,Dec–Mar for skiing with reliable snow; Jul–Sep for the summit scramble,"Ski day pass ≈₺1,600 (€35) · mountain access free in summer",https://en.wikipedia.org/wiki/Mount_Erciyes
kayseri-bazaar-pastirma,Kayseri Covered Bazaar and pastırma,Kayseri Kapalı Çarşı ve pastırma,Central Anatolia,Kayseri,city,icon,False,38.7225,35.4875,ASR,Kayseri Erkilet (ASR),≈5h00,5,5,"Year-round; pastırma is cured in autumn, so October has the fresh season's meat",Free,https://en.wikipedia.org/wiki/Kayseri
develi-everek,Develi (Everek),Develi (Everek),Central Anatolia,Kayseri,heritage,gem,False,38.38861,35.4925,ASR,Kayseri Erkilet (ASR),≈5h00,55,55,Apr–Jun and Sep–Oct; winter is cold but the ski base is 20 minutes away,Free,https://en.wikipedia.org/wiki/Develi
talas-kayseri,Talas,Talas,Central Anatolia,Kayseri,city,gem,False,38.68333,35.56667,ASR,Kayseri Erkilet (ASR),≈5h00,15,15,Apr–Jun and Sep–Oct; pleasant evenings when central Kayseri is still hot,Free,"https://en.wikipedia.org/wiki/Talas,_Turkey"
kultepe-kanesh,Kültepe (Kanesh),Kültepe (Kaniş-Karum),Central Anatolia,Kayseri,ruins,gem,False,38.85,35.63333,ASR,Kayseri Erkilet (ASR),≈5h00,20,20,"Apr–Jun and Sep–Oct; the plain is exposed, with no shade on the excavation",≈₺150 (€3.50) · covered by Museum Pass Türkiye,https://en.wikipedia.org/wiki/K%C3%BCltepe
agirnas,Ağırnas,Ağırnas,Central Anatolia,Kayseri,village,gem,False,38.8162,35.7175,ASR,Kayseri Erkilet (ASR),≈5h00,25,25,Apr–Jun and Sep–Oct; underground sections are cool and open year-round,≈₺100 (€2.50),https://en.wikipedia.org/wiki/A%C4%9F%C4%B1rnas
sivas-seljuk-medreses,Sivas Seljuk Madrasas,Sivas Selçuklu Medreseleri,Central Anatolia,Sivas,heritage,gem,False,39.74424,37.01666,VAS,Sivas Nuri Demirağ (VAS),≈5h20,15,15,"May–Oct — Sivas sits at 1,285 m and winters are long and hard",Free · small fee at the Şifaiye museum rooms,"https://en.wikipedia.org/wiki/G%C3%B6k_Medrese,_Sivas"
sugul-canyon,Şuğul Canyon,Şuğul Kanyonu,Central Anatolia,Sivas,water,gem,False,39.4794,37.2331,VAS,Sivas Nuri Demirağ (VAS),≈5h20,60,60,"May–Sep — the stream runs low by late August, roads poor in winter",Free,https://en.wikipedia.org/wiki/Sivas
gokpinar-lake-gurun,Gökpınar Lake,Gökpınar Gölü,Central Anatolia,Sivas,water,gem,False,38.7269,37.2731,MLX,Malatya Erhaç (MLX),≈5h30,100,95,May–Oct — the colour is strongest under midday sun,Free · small parking fee at weekends,https://en.wikipedia.org/wiki/G%C3%BCr%C3%BCn
balikli-kaplica,Balıklı Kaplıca (Doctor Fish Spa),Kangal Balıklı Kaplıca,Central Anatolia,Sivas,water,gem,False,39.2586,37.3239,VAS,Sivas Nuri Demirağ (VAS),≈5h20,95,90,May–Sep — the site is remote and cut off in heavy winter,Day entry roughly ₺400 (≈€8) · treatment packages priced separately,https://en.wikipedia.org/wiki/Sivas
kangal-sivas,Kangal,Kangal,Central Anatolia,Sivas,village,gem,False,39.24,37.39,VAS,Sivas Nuri Demirağ (VAS),≈5h20,100,95,"May–Sep — winters at 1,500 m are severe and roads drift shut",Free,https://en.wikipedia.org/wiki/Sivas
todurge-lake,Tödürge Lake,Tödürge Gölü,Central Anatolia,Sivas,water,gem,False,39.8408,37.5236,VAS,Sivas Nuri Demirağ (VAS),≈5h20,70,70,May–Oct — it freezes over in a hard winter,Free,https://en.wikipedia.org/wiki/Zara%2C_Sivas
divrigi-great-mosque,Great Mosque and Hospital of Divriği,Divriği Ulu Camii ve Darüşşifası,Central Anatolia,Sivas,heritage,icon,True,39.37127,38.12183,MLX,Malatya Erhaç (MLX),≈5h30,135,130,"May–Oct — Divriği is high, remote and hard going in deep winter",Free · donation box,https://en.wikipedia.org/wiki/Divri%C4%9Fi_Great_Mosque_and_Hospital
goynuk-bolu,Göynük,Göynük,Black Sea,Bolu,village,gem,False,40.4008,30.7822,AOE,Eskişehir Hasan Polatkan (AOE),≈4h50,90,85,Apr–Jun and Sep–Nov; midsummer is hot in the valley,Free,https://en.wikipedia.org/wiki/G%C3%B6yn%C3%BCk
akcakoca,Akçakoca,Akçakoca,Black Sea,Düzce,coast,icon,False,41.08778,31.12444,ONQ,Zonguldak Çaycuma (ONQ),≈5h00,120,115,Jul–Aug for swimming; the sea here rarely passes 22 °C,Free; municipal beach sunbed ≈₺100 (€2.20),https://en.wikipedia.org/wiki/Ak%C3%A7akoca
topuk-yayla,Topuk Yayla,Topuk Yaylası,Black Sea,Düzce,mountain,gem,False,40.84167,31.15833,ONQ,Zonguldak Çaycuma (ONQ),≈5h00,140,135,"May–Oct for the meadow; Dec–Feb for snow, when the access road needs care",Free for the public meadow and lake path,https://en.wikipedia.org/wiki/D%C3%BCzce
mudurnu,Mudurnu,Mudurnu,Black Sea,Bolu,village,gem,False,40.46667,31.21667,AOE,Eskişehir Hasan Polatkan (AOE),≈4h50,120,115,Apr–Jun and Sep–Oct; winter is grey and half the konaks shut,Town free; konak-museums ≈₺40 (€0.90),https://en.wikipedia.org/wiki/Mudurnu
samandere-waterfall,Samandere Waterfall,Samandere Şelalesi,Black Sea,Düzce,water,gem,False,40.68944,31.26028,ONQ,Zonguldak Çaycuma (ONQ),≈5h00,150,145,"Apr–Jun at full flow; Sep–Oct for the colour, thin water by late summer",≈₺40 (€0.90),https://en.wikipedia.org/wiki/Samandere_Waterfall
abant-lake,Lake Abant,Abant Gölü,Black Sea,Bolu,water,icon,False,40.6,31.26667,AOE,Eskişehir Hasan Polatkan (AOE),≈4h50,140,135,"May–Jun for wildflowers, Oct for colour; Jul–Aug weekends are heaving","≈₺100 (€2.20) per person, extra for a car",https://en.wikipedia.org/wiki/Lake_Abant_National_Park
guzeldere-waterfall,Güzeldere Waterfall,Güzeldere Şelalesi,Black Sea,Düzce,water,gem,False,40.7508,31.2947,ONQ,Zonguldak Çaycuma (ONQ),≈5h00,140,135,Apr–Jun for volume; Oct for colour; the road ices over in winter,≈₺30 (€0.70),https://en.wikipedia.org/wiki/D%C3%BCzce
cehennemagzi-caves,Cehennemağzı Caves,Cehennemağzı Mağaraları,Black Sea,Zonguldak,heritage,gem,False,41.31694,31.44917,ONQ,Zonguldak Çaycuma (ONQ),≈5h00,75,75,All year; the steps are slick after rain,≈₺40 (€0.90),https://en.wikipedia.org/wiki/Cehennema%C4%9Fz%C4%B1_Caves
suluklu-lake-bolu,Sülüklü Lake,Sülüklügöl,Black Sea,Bolu,nature,gem,False,40.67917,31.55833,ONQ,Zonguldak Çaycuma (ONQ),≈5h00,135,130,Jun–Sep; the track is impassable with snow or heavy rain,Free,https://en.wikipedia.org/wiki/Bolu_Province
golcuk-lake-bolu,Gölcük Lake,Gölcük Tabiat Parkı,Black Sea,Bolu,water,gem,False,40.73472,31.6075,ONQ,Zonguldak Çaycuma (ONQ),≈5h00,125,120,May–Oct; snow closes the last stretch of road most winters,"≈₺60 (€1.30) per person, small vehicle fee",https://en.wikipedia.org/wiki/Bolu
yedigoller-national-park,Yedigöller National Park,Yedigöller Milli Parkı,Black Sea,Bolu,nature,icon,False,40.94349,31.7455,ONQ,Zonguldak Çaycuma (ONQ),≈5h00,90,85,"Late Oct for colour, Jun–Sep for calm; the northern forest road is often snowbound Dec–Mar",≈₺120 (€2.50) per person plus a vehicle fee at the gate,https://en.wikipedia.org/wiki/Yedig%C3%B6ller_National_Park
kartalkaya,Kartalkaya,Kartalkaya,Black Sea,Bolu,mountain,icon,False,40.66944,31.78611,ONQ,Zonguldak Çaycuma (ONQ),≈5h00,125,120,Late Dec–mid Mar for snow; in summer the ridge is empty grazing land with paragliding launches,"Day lift pass ≈₺1,500 (€32); hotels sell all-in packages",https://en.wikipedia.org/wiki/Kartalkaya
gokgol-cave,Gökgöl Cave,Gökgöl Mağarası,Black Sea,Zonguldak,water,gem,False,41.44306,31.83139,ONQ,Zonguldak Çaycuma (ONQ),≈5h00,30,30,All year; spring meltwater can close the lower gallery,≈₺60 (€1.30),https://en.wikipedia.org/wiki/G%C3%B6kg%C3%B6l_Cave
filyos-tios,Tios (Filyos),"Tios Antik Kenti, Filyos",Black Sea,Zonguldak,ruins,gem,False,41.56126,32.02311,ONQ,Zonguldak Çaycuma (ONQ),≈5h00,10,10,Apr–Jun and Sep–Oct; the headland is exposed and wet in winter,Free,https://en.wikipedia.org/wiki/Tium
inkumu,İnkumu,İnkumu,Black Sea,Bartın,coast,gem,False,41.63444,32.3375,ONQ,Zonguldak Çaycuma (ONQ),≈5h00,35,35,Jul–Aug for swimming; May–Jun and Sep for the walk and the columns,Free; sunbed and umbrella ≈₺150 (€3.20),https://en.wikipedia.org/wiki/Bart%C4%B1n
amasra,Amasra,Amasra,Black Sea,Bartın,coast,icon,False,41.74944,32.38639,ONQ,Zonguldak Çaycuma (ONQ),≈5h00,50,50,Jun–Sep for the water; on Jul–Aug weekends the causeway becomes a car park,Town free; museum ≈₺60 (€1.30) · covered by Museum Pass Türkiye,https://en.wikipedia.org/wiki/Amasra
hadrianopolis-eskipazar,Hadrianopolis,Hadrianopolis Antik Kenti,Black Sea,Karabük,ruins,gem,False,40.9258,32.4913,ONQ,Zonguldak Çaycuma (ONQ),≈5h00,95,90,Apr–Jun and Sep–Oct; the mosaics are sheeted over in winter and the field turns to mud,Free,https://en.wikipedia.org/wiki/Hadrianopolis_in_Paphlagonia
bulak-mencilis-cave,Bulak (Mencilis) Cave,Bulak Mencilis Mağarası,Black Sea,Karabük,water,gem,False,41.19861,32.62639,ONQ,Zonguldak Çaycuma (ONQ),≈5h00,75,75,Apr–Nov; the access steps are treacherous in ice and the cave shuts in bad weather,≈₺60 (€1.50),https://en.wikipedia.org/wiki/Karab%C3%BCk
safranbolu,Safranbolu,Safranbolu,Black Sea,Karabük,village,icon,True,41.24944,32.68333,ONQ,Zonguldak Çaycuma (ONQ),≈5h00,75,75,Apr–Jun and Sep–Oct; snow suits the town but closes several konaks,Town free; each konak-museum ≈₺60 (€1.30) · Museum Pass Türkiye valid at the state museums,https://en.wikipedia.org/wiki/Safranbolu
kaymakamlar-house-safranbolu,Kaymakamlar House,Kaymakamlar Müze Evi,Black Sea,Karabük,heritage,gem,False,41.24944,32.68333,ONQ,Zonguldak Çaycuma (ONQ),≈5h00,75,75,All year; least crowded Nov–Mar,≈₺100 (€2.50),https://en.wikipedia.org/wiki/Safranbolu
cinci-han-safranbolu,Cinci Han,Cinci Hanı,Black Sea,Karabük,heritage,gem,False,41.24944,32.68333,ONQ,Zonguldak Çaycuma (ONQ),≈5h00,75,75,All year; the stone rooms are cold Dec–Feb,Free to enter the courtyard · rooms from ≈€45,https://en.wikipedia.org/wiki/Safranbolu
tokatli-canyon-incekaya-aqueduct,Tokatlı Canyon and İncekaya Aqueduct,Tokatlı Kanyonu ve İncekaya Su Kemeri,Black Sea,Karabük,water,gem,False,41.28139,32.68472,ONQ,Zonguldak Çaycuma (ONQ),≈5h00,70,70,Apr–Nov; the canyon path is slick and often closed after heavy rain,Aqueduct free · crystal terrace ≈₺60 (€1.50),https://en.wikipedia.org/wiki/%C4%B0ncekaya_Aqueduct
kurucasile,Kurucaşile,Kurucaşile,Black Sea,Bartın,village,gem,False,41.84556,32.71861,ONQ,Zonguldak Çaycuma (ONQ),≈5h00,85,80,Jun–Sep; the coast road is landslide-prone after winter storms,Free,https://en.wikipedia.org/wiki/Kuruca%C5%9File
yoruk-koyu,Yörük Köyü,Yörük Köyü,Black Sea,Karabük,village,gem,False,41.2547,32.7367,ONQ,Zonguldak Çaycuma (ONQ),≈5h00,80,75,Apr–Jun and Sep–Oct; very quiet and often shut in midwinter,Village free; Sipahioğlu Konağı ≈₺50 (€1.10),https://en.wikipedia.org/wiki/Safranbolu
cide-gideros-cove,Cide and Gideros Cove,Cide ve Gideros Koyu,Black Sea,Kastamonu,coast,gem,False,41.89222,33.00444,ONQ,Zonguldak Çaycuma (ONQ),≈5h00,115,110,Jun–Sep for swimming; the sea is cold and rough Oct–May,Free,https://en.wikipedia.org/wiki/Cide
horma-canyon-ilica-waterfall,Horma Canyon and Ilıca Waterfall,Horma Kanyonu ve Ilıca Şelalesi,Black Sea,Kastamonu,water,gem,False,41.60389,33.10917,KFS,Kastamonu (KFS),≈5h10,85,80,May–Oct; the boardwalk is closed by snow and ice roughly Dec–Mar,≈₺50 (€1.20) per person for the boardwalk,"https://en.wikipedia.org/wiki/P%C4%B1narba%C5%9F%C4%B1,_Kastamonu"
kure-mountains-national-park,Küre Mountains National Park,Küre Dağları Milli Parkı,Black Sea,Bartın,nature,gem,False,41.65556,33.15611,KFS,Kastamonu (KFS),≈5h10,85,80,May–Oct; forest tracks are impassable with snow Dec–Mar,Free; some canyon walkways charge ≈₺50 (€1.10),https://en.wikipedia.org/wiki/K%C3%BCre_Mountains_National_Park
ilgaz-mountain-ski,Ilgaz Mountain Ski Centre,Ilgaz Dağı Kayak Merkezi,Black Sea,Kastamonu,mountain,icon,False,41.05653,33.67971,KFS,Kastamonu (KFS),≈5h10,40,40,"Jan–Mar for snow, Jun–Sep for walking; Apr–May is mud and closed lifts",Day lift pass ≈₺600 (€13) · the road and summer trails are free,https://en.wikipedia.org/wiki/Ilgaz_Mountains
mahmutbey-mosque-kasaba,Mahmut Bey Mosque,Mahmut Bey Camii,Black Sea,Kastamonu,heritage,gem,True,41.48,33.68806,KFS,Kastamonu (KFS),≈5h10,25,25,All year; the village road is fine in winter but the mosque is unheated,Free · a donation to the caretaker is normal,https://en.wikipedia.org/wiki/Mahmut_Bey_Mosque
kastamonu-castle-old-town,Kastamonu Castle and Old Town,Kastamonu Kalesi ve Eski Şehir,Black Sea,Kastamonu,city,icon,False,41.37444,33.76972,KFS,Kastamonu (KFS),≈5h10,10,10,"May–Oct; Kastamonu winters are long, grey and genuinely cold",Castle free · Ethnography Museum ≈₺60 (€1.50),https://en.wikipedia.org/wiki/Kastamonu_Castle
seyh-saban-i-veli-kastamonu,Şeyh Şaban-ı Veli Complex,Şeyh Şaban-ı Veli Külliyesi,Black Sea,Kastamonu,heritage,gem,False,41.37639,33.77639,KFS,Kastamonu (KFS),≈5h10,10,10,All year; Fridays and Ramadan are busiest,Free,https://en.wikipedia.org/wiki/Kastamonu
abana,Abana,Abana,Black Sea,Kastamonu,coast,gem,False,41.97583,34.01139,KFS,Kastamonu (KFS),≈5h10,100,95,Jun–Sep for swimming; Aug is when the town actually fills up,Free,"https://en.wikipedia.org/wiki/Abana,_Kastamonu"
valla-canyon,Valla Canyon,Valla Kanyonu,Black Sea,Kastamonu,water,icon,False,41.75,34.1,KFS,Kastamonu (KFS),≈5h10,70,70,"Late Jun–Sep only for the floor; the terrace is open May–Oct, snowbound in winter",Terrace free · guided canyon traverse ≈€120 per person,https://en.wikipedia.org/wiki/K%C3%BCre_Mountains
kastamonu-pastirma-siyez,Kastamonu Pastırma and Siyez Bulgur,Kastamonu Pastırması ve Siyez Bulguru,Black Sea,Kastamonu,city,gem,False,41.50972,34.21417,KFS,Kastamonu (KFS),≈5h10,55,55,Sep–Dec for new-season pastırma; the Taşköprü garlic festival is in July,Free to browse · a plate of siyez pilav ≈₺150 (€3.50),"https://en.wikipedia.org/wiki/Ta%C5%9Fk%C3%B6pr%C3%BC,_Kastamonu"
ayancik-cangal-forest,Ayancık and the Çangal Forest,Ayancık ve Çangal Ormanı,Black Sea,Sinop,nature,gem,False,41.95,34.58333,NOP,Sinop (NOP),≈5h20,55,55,Jun–Sep; it rains here all year and forest tracks are impassable after storms,Free,https://en.wikipedia.org/wiki/Ayanc%C4%B1k
hattusa,Hattusa,Hattuşa,Black Sea,Çorum,ruins,icon,True,40.01972,34.61528,MZH,Amasya Merzifon (MZH),≈5h20,155,150,"May–Jun and Sep–Oct; the plateau is 1000 m, freezing in winter and shadeless in Jul–Aug",₺600 (≈€13) joint with Yazılıkaya · covered by Museum Pass Türkiye,https://en.wikipedia.org/wiki/Hattusa
yazilikaya,Yazılıkaya,Yazılıkaya,Black Sea,Çorum,ruins,icon,True,40.025,34.63278,MZH,Amasya Merzifon (MZH),≈5h20,150,145,"May–Jun and Sep–Oct; afternoon light suits the reliefs, winter can be snowbound",Included in the Hattusa ticket · covered by Museum Pass Türkiye,https://en.wikipedia.org/wiki/Yaz%C4%B1l%C4%B1kaya
alacahoyuk,Alacahöyük,Alacahöyük,Black Sea,Çorum,ruins,icon,False,40.23444,34.69556,MZH,Amasya Merzifon (MZH),≈5h20,125,120,May–Jun and Sep–Oct; the site is open ground with no shade in summer,≈₺200 (€4.50) · covered by Museum Pass Türkiye,https://en.wikipedia.org/wiki/Alaca_H%C3%B6y%C3%BCk
erfelek-tatlica-waterfalls,Erfelek Tatlıca Waterfalls,Erfelek Tatlıca Şelaleleri,Black Sea,Sinop,water,icon,False,41.88333,34.91667,NOP,Sinop (NOP),≈5h20,25,25,"May–Oct; boards are icy and often closed Dec–Mar, and the flow is thin in late Aug",≈₺40 (€1) per person,https://en.wikipedia.org/wiki/Erfelek
inceburun,İnceburun,İnceburun,Black Sea,Sinop,coast,gem,False,42.09694,34.945,NOP,Sinop (NOP),≈5h20,20,20,May–Oct; winter storms make the exposed cape unpleasant and the track muddy,Free,https://en.wikipedia.org/wiki/%C4%B0nceburun_Lighthouse
corum-leblebi,Çorum Leblebi,Çorum Leblebisi,Black Sea,Çorum,city,icon,False,40.55,34.95389,MZH,Amasya Merzifon (MZH),≈5h20,75,75,All year; the shops are busiest around the Hittite festival in July,Free to browse · a bag ≈₺60 (€1.40),https://en.wikipedia.org/wiki/%C3%87orum
hamsilos-bay,Hamsilos Bay,Hamsilos Koyu,Black Sea,Sinop,coast,gem,False,42.05113,35.04578,NOP,Sinop (NOP),≈5h20,5,5,Jun–Sep for swimming; Apr–May and Oct for walking the pine paths,Free · small car park fee in summer,https://en.wikipedia.org/wiki/Hamsilos_Bay
sinop-fortress-prison,Sinop Fortress Prison,Sinop Kale Cezaevi,Black Sea,Sinop,heritage,icon,False,42.02444,35.14306,NOP,Sinop (NOP),≈5h20,10,10,"All year; May–Sep is pleasant, the yards are baking at midday in Jul–Aug",≈₺150 (€3.50) · covered by Museum Pass Türkiye,https://en.wikipedia.org/wiki/Sinop_Fortress_Prison
balatlar-church-sinop,Balatlar Church,Balatlar Kilisesi,Black Sea,Sinop,ruins,gem,False,42.0261,35.1572,NOP,Sinop (NOP),≈5h20,10,10,Apr–Oct; the site is exposed and turns to mud in winter,Small fee — check locally,https://en.wikipedia.org/wiki/Balatlar_Church
gerze,Gerze,Gerze,Black Sea,Sinop,village,gem,False,41.80556,35.19806,NOP,Sinop (NOP),≈5h20,35,35,Jun–Sep; out of season half the seafront closes and the wind comes straight in,Free,"https://en.wikipedia.org/wiki/Gerze,_Sinop"
sapinuwa-ortakoy,Şapinuva,Şapinuva,Black Sea,Çorum,ruins,gem,False,40.25501,35.23603,MZH,Amasya Merzifon (MZH),≈5h20,90,85,"May–Jun and Sep–Oct; the excavation season is summer, when you may see work in progress",Free,https://en.wikipedia.org/wiki/Sapinuwa
incesu-canyon-ortakoy,İncesu Canyon,İncesu Kanyonu,Black Sea,Çorum,water,gem,False,40.283,35.267,MZH,Amasya Merzifon (MZH),≈5h20,85,80,Apr–Jun and Sep–Oct; the stream shrinks by late August and the track floods after storms,Free,"https://en.wikipedia.org/wiki/Ortak%C3%B6y,_%C3%87orum"
sahinkaya-canyon-vezirkopru,Şahinkaya Canyon,Şahinkaya Kanyonu,Black Sea,Samsun,water,gem,False,41.14306,35.46,MZH,Amasya Merzifon (MZH),≈5h20,45,45,May–Oct; boats stop running in winter and the access road ices over,Terrace ≈₺50 (€1.20) · boat trip ≈₺200 (€4.50) per person,https://en.wikipedia.org/wiki/Vezirk%C3%B6pr%C3%BC
havza-thermal,Havza Thermal Springs,Havza Kaplıcaları,Black Sea,Samsun,water,gem,False,40.96667,35.66667,MZH,Amasya Merzifon (MZH),≈5h20,25,25,Oct–Apr is the point of a thermal town; Jul–Aug is too hot to enjoy it,Public bath ≈₺150 (€3.50) · hotel spa packages more,https://en.wikipedia.org/wiki/Havza
amasya-apple,Amasya Apple Orchards,Amasya Misket Elması,Black Sea,Amasya,village,icon,False,40.69972,35.68639,MZH,Amasya Merzifon (MZH),≈5h20,25,25,Late Sep–Nov for harvest; blossom in late Apr is the other reason to come,Free · a kilo at a roadside stall ≈₺40 (€1),https://en.wikipedia.org/wiki/Amasya_Province
harsena-castle-amasya,Harşena Castle,Harşena Kalesi,Black Sea,Amasya,heritage,gem,False,40.65695,35.77272,MZH,Amasya Merzifon (MZH),≈5h20,35,35,Apr–Jun and Sep–Oct; the summit road is icy in winter and the walk up is brutal in Jul–Aug heat,Free · Cilanbolu tunnel small fee,https://en.wikipedia.org/wiki/Amasya_Castle
amasya-rock-tombs,Amasya Rock Tombs and Yalıboyu Houses,Amasya Kral Kaya Mezarları ve Yalıboyu Evleri,Black Sea,Amasya,ruins,icon,False,40.65,35.83306,MZH,Amasya Merzifon (MZH),≈5h20,45,45,"Apr–Jun and Sep–Oct; Jul–Aug is hot in the closed valley, Jan–Feb cold and grey",Rock tombs ≈₺100 (€2.50) · riverbank free,https://en.wikipedia.org/wiki/Amasya
ferhat-sirin-water-channel,Ferhat and Şirin Water Channel,Ferhat Su Kanalı,Black Sea,Amasya,heritage,gem,False,40.65,35.83306,MZH,Amasya Merzifon (MZH),≈5h20,45,45,Apr–Jun and Sep–Oct; the ledge is slippery after rain and exposed in summer heat,Free,https://en.wikipedia.org/wiki/Amasya
zile,Zile,Zile,Black Sea,Tokat,city,gem,False,40.3,35.88333,TJK,Tokat (TJK),≈5h30,55,55,Apr–Jun and Sep–Oct; the mound is exposed and hot in Jul–Aug,Free,https://en.wikipedia.org/wiki/Zile
ladik-lake,Ladik Lake,Ladik Gölü,Black Sea,Samsun,water,gem,False,40.9,36,MZH,Amasya Merzifon (MZH),≈5h20,55,55,"Apr–Jun for birds and green, Sep–Oct for calm; Jan–Feb it can freeze at the edges",Free,https://en.wikipedia.org/wiki/Ladik_Lake
kizilirmak-delta-bird-paradise,Kızılırmak Delta Bird Paradise,Kızılırmak Deltası Kuş Cenneti,Black Sea,Samsun,nature,icon,False,41.65,36.05,SZF,Samsun Çarşamba (SZF),≈5h10,80,75,Apr–May and Sep–Oct for migration; Jul mosquitoes are genuinely punishing,Free · boat trip ≈₺400 (€9) per boat,https://en.wikipedia.org/wiki/K%C4%B1z%C4%B1l%C4%B1rmak_Delta
sebastopolis-sulusaray,Sebastopolis,Sebastopolis Antik Kenti,Black Sea,Tokat,ruins,gem,False,40,36.1,TJK,Tokat (TJK),≈5h30,55,55,Apr–Jun and Sep–Oct; the fields turn to mud in winter and there is no shade in summer,Free,https://en.wikipedia.org/wiki/Sulusaray
borabay-lake,Borabay Lake,Boraboy Gölü,Black Sea,Amasya,nature,gem,False,40.8,36.18333,MZH,Amasya Merzifon (MZH),≈5h20,70,70,May–Oct; the forest road is often snowbound Dec–Mar,Small vehicle fee at the gate,https://en.wikipedia.org/wiki/Boraboy
ballica-cave,Ballıca Cave,Ballıca Mağarası,Black Sea,Tokat,water,icon,False,40.22722,36.30139,TJK,Tokat (TJK),≈5h30,15,15,"All year; the cave holds a steady temperature, but the hill road is awkward in ice",≈₺100 (€2.50),https://en.wikipedia.org/wiki/Ball%C4%B1ca_Cave
amisos-hill-samsun,Amisos Hill and Cable Car,Amisos Tepesi ve Teleferik,Black Sea,Samsun,city,icon,False,41.29028,36.33361,SZF,Samsun Çarşamba (SZF),≈5h10,25,25,"All year; May–Oct for clear evenings, winter can be low cloud all week",Cable car ≈₺60 (€1.50) return · hill free,https://en.wikipedia.org/wiki/Samsun
bandirma-vapuru-samsun,Bandırma Vapuru Museum Ship,Bandırma Vapuru Müze Gemisi,Black Sea,Samsun,heritage,icon,False,41.27333,36.36722,SZF,Samsun Çarşamba (SZF),≈5h10,20,20,All year; 19 May is a national holiday and the park is packed,Small fee — check locally,https://en.wikipedia.org/wiki/SS_Band%C4%B1rma
tokat-castle-latifoglu-konak,Tokat Castle and Latifoğlu Konak,Tokat Kalesi ve Latifoğlu Konağı,Black Sea,Tokat,heritage,gem,False,40.3175,36.5481,TJK,Tokat (TJK),≈5h30,20,20,Apr–Jun and Sep–Oct; the castle climb is unpleasant in Jul–Aug heat,Castle free · Latifoğlu Konak ≈₺60 (€1.50),https://en.wikipedia.org/wiki/Tokat_Castle
tokat-kebabi,Tokat Kebabı,Tokat Kebabı,Black Sea,Tokat,city,icon,False,40.31389,36.55417,TJK,Tokat (TJK),≈5h30,20,20,All year; ovens are lit from late morning and the best kitchens sell out by two,≈₺450 (€10) per person in a kebap salonu,https://en.wikipedia.org/wiki/Tokat
almus-lake,Almus Lake,Almus Baraj Gölü,Black Sea,Tokat,water,gem,False,40.4075,36.90306,TJK,Tokat (TJK),≈5h30,60,60,May–Oct; the water level drops noticeably by late summer,Free,https://en.wikipedia.org/wiki/Almus_Dam
niksar,Niksar,Niksar,Black Sea,Tokat,city,gem,False,40.59133,36.94349,TJK,Tokat (TJK),≈5h30,75,75,"Apr–Jun for blossom and cherries, Sep–Oct for walnuts; hot and dusty in Jul–Aug",Free,https://en.wikipedia.org/wiki/Niksar
aybasti,Aybastı,Aybastı,Black Sea,Ordu,village,gem,False,40.68667,37.39917,OGU,Ordu–Giresun (OGU),≈5h20,85,80,May–Oct; the town works year-round but the plateau road above closes with snow,Free,https://en.wikipedia.org/wiki/Aybast%C4%B1
persembe-yaylasi,Perşembe Plateau,Perşembe Yaylası,Black Sea,Ordu,mountain,icon,False,40.81139,37.54056,OGU,Ordu–Giresun (OGU),≈5h20,65,65,Jun–Sep only; the access road is snow-blocked roughly Nov–May and fog can sit for days,Free,https://en.wikipedia.org/wiki/Ordu_Province
ulugol-ordu,Ulugöl,Ulugöl Tabiat Parkı,Black Sea,Ordu,water,gem,False,40.6875,37.61778,OGU,Ordu–Giresun (OGU),≈5h20,65,65,May–Oct; the lake often freezes over Jan–Feb and the road ices,≈₺60 (€1.30) per car at the nature park gate,https://en.wikipedia.org/wiki/G%C3%B6lk%C3%B6y
yason-burnu,Jason Cape,Yason Burnu,Black Sea,Ordu,coast,gem,False,41.06556,37.77139,OGU,Ordu–Giresun (OGU),≈5h20,35,35,Jun–Sep for swimming; autumn storms hit this cape hard,Free,https://en.wikipedia.org/wiki/Per%C5%9Fembe
ordu-boztepe,Boztepe and the Ordu Cable Car,Boztepe ve Ordu Teleferiği,Black Sea,Ordu,mountain,icon,False,40.98333,37.88333,OGU,Ordu–Giresun (OGU),≈5h20,20,20,"May–Oct for clear air; the gondola stops in strong wind, which is common Nov–Feb",≈₺150 (€3) return on the gondola,https://en.wikipedia.org/wiki/Ordu
cambasi-yaylasi,Çambaşı Plateau,Çambaşı Yaylası,Black Sea,Ordu,mountain,gem,False,40.85972,37.89,OGU,Ordu–Giresun (OGU),≈5h20,25,25,"Jan–Mar for snow, Jun–Sep for the pasture; April and November are mud and closed lifts",Free to enter; ski lift pass ≈₺400 (€8.50) a day,https://en.wikipedia.org/wiki/Kabad%C3%BCz
kulakkaya-yaylasi,Kulakkaya Plateau,Kulakkaya Yaylası,Black Sea,Giresun,mountain,gem,False,40.93333,38.23333,OGU,Ordu–Giresun (OGU),≈5h20,15,15,Jun–Sep for the meadow; some winter weekends work for snow when the road is cleared,Free,https://en.wikipedia.org/wiki/Bulancak
sebinkarahisar-castle,Şebinkarahisar Castle,Şebinkarahisar Kalesi,Black Sea,Giresun,heritage,gem,False,40.28861,38.42333,OGU,Ordu–Giresun (OGU),≈5h20,105,100,May–Oct; the plateau is cold and often snowy Dec–Mar,Free,https://en.wikipedia.org/wiki/%C5%9Eebinkarahisar
giresun-island,Giresun Island,Giresun Adası,Black Sea,Giresun,coast,icon,False,40.92889,38.43611,OGU,Ordu–Giresun (OGU),≈5h20,40,40,"May–Sep for boats; nothing runs in a swell, which means most of Nov–Mar",Free to land; boat hire from Giresun harbour ≈₺500–800 (€11–17) per boat,https://en.wikipedia.org/wiki/Giresun_Island
kumbet-yaylasi,Kümbet Plateau,Kümbet Yaylası,Black Sea,Giresun,mountain,gem,False,40.73904,38.44913,OGU,Ordu–Giresun (OGU),≈5h20,50,50,Jun–Sep; road usually snowbound Dec–Apr,Free,https://en.wikipedia.org/wiki/Dereli%2C_Giresun
bektas-yaylasi,Bektaş Plateau,Bektaş Yaylası,Black Sea,Giresun,mountain,gem,False,40.73904,38.44913,OGU,Ordu–Giresun (OGU),≈5h20,50,50,Late Jun–mid Sep; snow lingers into June and returns in October,Free,https://en.wikipedia.org/wiki/Giresun_Mountains
mavi-gol-giresun,Mavi Göl,Mavi Göl,Black Sea,Giresun,water,gem,False,40.57972,38.59444,OGU,Ordu–Giresun (OGU),≈5h20,80,75,May–Oct; heavy spring rain turns the water brown and muddy,Free,https://en.wikipedia.org/wiki/Giresun_Province
tirebolu,Tirebolu,Tirebolu,Black Sea,Giresun,village,gem,False,41.00556,38.81667,OGU,Ordu–Giresun (OGU),≈5h20,80,75,Jun–Sep for the sea; the town is pleasant year-round but wet,Free,https://en.wikipedia.org/wiki/Tirebolu
tomara-waterfall,Tomara Waterfall,Tomara Şelalesi,Black Sea,Gümüşhane,water,gem,False,40.18944,39.12667,ERC,Erzincan (ERC),≈5h40,80,75,May–Oct; the plateau around is snow-covered and bleak Dec–Mar,Free; small parking charge,https://en.wikipedia.org/wiki/%C5%9Eiran
limni-lake,Limni Lake,Limni Gölü Tabiat Parkı,Black Sea,Gümüşhane,water,gem,False,40.55722,39.29194,TZX,Trabzon (TZX),≈5h20,85,80,"May–Oct; snow Dec–Mar, when the road is often unploughed",≈₺60 (€1.30) per vehicle at the nature park gate,https://en.wikipedia.org/wiki/Torul
karaca-cave-gumushane,Karaca Cave,Karaca Mağarası,Black Sea,Gümüşhane,water,icon,False,40.54417,39.40278,TZX,Trabzon (TZX),≈5h20,80,75,Year-round; the access road above Torul can be icy Dec–Mar,≈₺120 (€2.60) at the entrance,https://en.wikipedia.org/wiki/Karaca_Cave
santa-ruins,Santa Ruins,Santa Harabeleri,Black Sea,Gümüşhane,ruins,gem,False,40.38806,39.41861,TZX,Trabzon (TZX),≈5h20,95,90,Jun–Sep; the track is snowbound Nov–May and impassable in mud after rain,Free,https://en.wikipedia.org/wiki/G%C3%BCm%C3%BC%C5%9Fhane_Province
cal-cave,Çal Cave,Çal Mağarası,Black Sea,Trabzon,water,gem,False,40.87417,39.42556,TZX,Trabzon (TZX),≈5h20,45,45,Year-round inside; the approach road is awkward in snow Dec–Mar,≈₺120 (€2.60) — cash at the kiosk,https://en.wikipedia.org/wiki/D%C3%BCzk%C3%B6y
krom-valley,Krom Valley,Krom Vadisi,Black Sea,Gümüşhane,heritage,gem,False,40.45972,39.47778,TZX,Trabzon (TZX),≈5h20,85,80,Jun–Sep; the valley road is impassable with snow Nov–May,Free,https://en.wikipedia.org/wiki/G%C3%BCm%C3%BC%C5%9Fhane
vazelon-monastery,Vazelon Monastery,Vazelon Manastırı,Black Sea,Trabzon,heritage,gem,False,40.76,39.53,TZX,Trabzon (TZX),≈5h20,45,45,May–Oct; the forest track is impassable after heavy rain and in snow,"Free — unstaffed ruin, no barrier",https://en.wikipedia.org/wiki/Vazelon_Monastery
akcaabat,Akçaabat,Akçaabat,Black Sea,Trabzon,city,icon,False,41.01667,39.55,TZX,Trabzon (TZX),≈5h20,25,25,"Year-round; May–Oct for the terraces, though it rains in every month",Free,https://en.wikipedia.org/wiki/Ak%C3%A7aabat
zigana-pass,Zigana Pass,Zigana Geçidi,Black Sea,Trabzon,drive,icon,False,40.81204,39.61272,TZX,Trabzon (TZX),≈5h20,35,35,Jun–Oct for the old pass road; snow closes it frequently Nov–Apr while the tunnel stays open,Free,https://en.wikipedia.org/wiki/Zigana
sumela-monastery,Sümela Monastery,Sümela Manastırı,Black Sea,Trabzon,heritage,icon,False,40.69,39.65833,TZX,Trabzon (TZX),≈5h20,45,45,May–Oct; sections close after rockfall and the valley road can shut in winter,≈₺700 (€15) for foreigners · covered by Museum Pass Türkiye,https://en.wikipedia.org/wiki/Sumela_Monastery
hagia-sophia-trabzon,Hagia Sophia of Trabzon,"Ayasofya Camii, Trabzon",Black Sea,Trabzon,heritage,icon,False,41.00333,39.69611,TZX,Trabzon (TZX),≈5h20,10,10,Year-round; closed to visitors during the five daily prayers,Free — it functions as a mosque; dress modestly and remove shoes,"https://en.wikipedia.org/wiki/Hagia_Sophia,_Trabzon"
ataturk-kosku-trabzon,"Atatürk Mansion, Trabzon",Atatürk Köşkü,Black Sea,Trabzon,heritage,icon,False,41.005,39.7225,TZX,Trabzon (TZX),≈5h20,5,5,Year-round; the garden is best May–Jun when the magnolias are out,"≈₺60 (€1.30) — municipal museum, not covered by the Museum Pass",https://en.wikipedia.org/wiki/Trabzon
hidirnebi-yaylasi,Hıdırnebi Plateau,Hıdırnebi Yaylası,Black Sea,Trabzon,mountain,gem,False,40.78056,39.81222,TZX,Trabzon (TZX),≈5h20,30,30,Jun–Sep; road usually closed by snow Dec–Apr,Free,https://en.wikipedia.org/wiki/Trabzon_Province
kop-pass,Kop Pass,Kop Geçidi,Black Sea,Bayburt,drive,gem,False,40.23667,40.22361,ERC,Erzincan (ERC),≈5h40,110,105,Jun–Oct on the old road; snow and closures are routine Nov–May even with the tunnel open,Free,https://en.wikipedia.org/wiki/Bayburt_Province
bayburt-castle,Bayburt Castle,Bayburt Kalesi,Black Sea,Bayburt,heritage,icon,False,40.26342,40.22979,ERC,Erzincan (ERC),≈5h40,110,105,May–Oct; Bayburt is bitterly cold and often snowbound Dec–Mar,Free,https://en.wikipedia.org/wiki/Bayburt_Castle
sultan-murat-yaylasi,Sultan Murat Plateau,Sultanmurat Yaylası,Black Sea,Trabzon,mountain,gem,False,40.7475,40.24194,TZX,Trabzon (TZX),≈5h20,60,60,Late Jun–Sep; snow blocks the road roughly Nov–May,Free,https://en.wikipedia.org/wiki/%C3%87aykara
uzungol,Uzungöl,Uzungöl,Black Sea,Trabzon,water,icon,False,40.61917,40.295,TZX,Trabzon (TZX),≈5h20,80,75,May–Jun and Sep–Oct; July–Aug is peak Gulf season and fully booked,Free; ≈₺60 (€1.30) vehicle fee at the valley barrier,https://en.wikipedia.org/wiki/Uzung%C3%B6l
rize-ziraat-botanic-garden,Rize Ziraat Botanic Garden,Rize Ziraat Botanik Bahçesi,Black Sea,Rize,nature,gem,False,41.02472,40.52222,TZX,Trabzon (TZX),≈5h20,80,75,Apr–Jun for the camellias and rhododendrons; open and pleasant year-round,Free,https://en.wikipedia.org/wiki/Rize
baksi-museum,Baksı Museum,Baksı Müzesi,Black Sea,Bayburt,heritage,gem,False,40.38556,40.56639,ERZ,Erzurum (ERZ),≈5h40,90,85,May–Oct; the road up is difficult in snow and winter opening is limited,≈₺60 (€1.30) — check opening hours before travelling,https://en.wikipedia.org/wiki/Baks%C4%B1_Museum
anzer-yaylasi,Anzer Plateau,Anzer Yaylası,Black Sea,Rize,mountain,icon,False,40.71028,40.61528,TZX,Trabzon (TZX),≈5h20,100,95,"Jul–Sep, and the flowering peak is late July; the road is closed by snow Nov–Jun",Free,https://en.wikipedia.org/wiki/%C4%B0kizdere
sal-yaylasi,Sal Plateau,Sal Yaylası,Black Sea,Rize,mountain,gem,False,40.93167,40.84778,TZX,Trabzon (TZX),≈5h20,115,110,Late Jun–Sep; deep snow Nov–May,Free,https://en.wikipedia.org/wiki/Rize_Province
firtina-valley,Fırtına Valley and its Arch Bridges,Fırtına Vadisi ve Kemer Köprüleri,Black Sea,Rize,water,icon,False,41.1892,40.9618,TZX,Trabzon (TZX),≈5h20,130,125,May–Oct; peak snowmelt in May makes the river spectacular and rafting serious,Free,https://en.wikipedia.org/wiki/F%C4%B1rt%C4%B1na_River
zilkale,Zilkale,Zil Kale,Black Sea,Rize,heritage,icon,False,40.95939,40.9632,TZX,Trabzon (TZX),≈5h20,130,125,"May–Oct; the valley road can be closed by landslip after heavy rain, and snow shuts it in winter",≈₺60 (€1.30) at the gate,https://en.wikipedia.org/wiki/Zilkale
gito-yaylasi,Gito Plateau,Gito Yaylası,Black Sea,Rize,mountain,gem,False,41.04722,41.00556,TZX,Trabzon (TZX),≈5h20,135,130,Jul–Sep; snow closes the track Nov–Jun,Free,https://en.wikipedia.org/wiki/%C3%87aml%C4%B1hem%C5%9Fin
camlihemsin,Çamlıhemşin,Çamlıhemşin,Black Sea,Rize,village,gem,False,41.04722,41.00556,TZX,Trabzon (TZX),≈5h20,135,130,May–Oct; the town stays open in winter but the roads above it do not,Free,https://en.wikipedia.org/wiki/%C3%87aml%C4%B1hem%C5%9Fin
cayeli-tea-terraces,The Tea Terraces of Çayeli,Çayeli Çay Bahçeleri,Black Sea,Rize,nature,gem,False,40.75,41.06667,ERZ,Erzurum (ERZ),≈5h40,115,110,May–Oct during the three picking rounds; the bushes are dull and bare-looking Dec–Mar,Free,https://en.wikipedia.org/wiki/%C3%87ayeli
ayder-yaylasi,Ayder Plateau,Ayder Yaylası,Black Sea,Rize,mountain,icon,False,40.95252,41.10205,TZX,Trabzon (TZX),≈5h20,145,140,"Jun–Sep; snowbound and mostly shut Dec–Apr, and it rains in every month","Free to enter; ≈₺75 (€1.60) vehicle fee at the barrier, thermal baths extra",https://en.wikipedia.org/wiki/Ayder
kackar-mountains-national-park,Kaçkar Mountains National Park,Kaçkar Dağları Milli Parkı,Black Sea,Rize,nature,icon,False,40.83333,41.15,ERZ,Erzurum (ERZ),≈5h40,125,120,Mid-Jul–mid Sep for the high passes; snow lies on them until July and returns in October,Free on foot; vehicle fees at some valley barriers,https://en.wikipedia.org/wiki/Ka%C3%A7kar_Mountains
pokut-yaylasi,Pokut Plateau,Pokut Yaylası,Black Sea,Rize,mountain,gem,False,40.83333,41.15,ERZ,Erzurum (ERZ),≈5h40,125,120,Late Jun–Sep; the track is snow-covered and impassable Nov–May,Free,https://en.wikipedia.org/wiki/Ka%C3%A7kar_Mountains
palovit-waterfall,Palovit Waterfall,Palovit Şelalesi,Black Sea,Rize,water,gem,False,40.83333,41.15,ERZ,Erzurum (ERZ),≈5h40,125,120,May–Jul at full snowmelt volume; low and disappointing by late September,Free,https://en.wikipedia.org/wiki/Ka%C3%A7kar_Mountains
barhal-church,Barhal Church,Barhal (Parhal) Kilisesi,Black Sea,Artvin,heritage,gem,False,40.97024,41.38364,ERZ,Erzurum (ERZ),≈5h40,150,145,May–Oct; the valley road above Yusufeli is difficult in snow Dec–Mar,Free — it is a working mosque; dress modestly,https://en.wikipedia.org/wiki/Parkhali
hopa,Hopa,Hopa,Black Sea,Artvin,city,gem,False,41.39028,41.41944,TZX,Trabzon (TZX),≈5h20,185,180,May–Sep; it rains hard in every month and October–December is relentless,Free,https://en.wikipedia.org/wiki/Hopa
dortkilise,Dörtkilise (Otkhta Eklesia),Dörtkilise,Black Sea,Artvin,heritage,gem,False,40.8141,41.4711,ERZ,Erzurum (ERZ),≈5h40,130,125,Apr–Jun and Sep–Oct; the orchard track is muddy after rain and snow closes it in winter,Free,https://en.wikipedia.org/wiki/Otkhta
yusufeli-coruh,Yusufeli and the Çoruh Valley,Yusufeli ve Çoruh Vadisi,Black Sea,Artvin,water,icon,False,40.81056,41.52694,ERZ,Erzurum (ERZ),≈5h40,130,125,Apr–Jun and Sep–Oct; the gorge bakes above 35 °C in July–August,Free,https://en.wikipedia.org/wiki/Yusufeli
borcka-karagol,Borçka Karagöl,Borçka Karagöl,Black Sea,Artvin,water,icon,False,41.36361,41.67917,KSY,Kars Harakani (KSY),≈6h00,195,190,"Late Oct for colour, Jun–Sep for the forest; snow closes the road Dec–Apr",≈₺80 (€1.70) per vehicle at the gate,https://en.wikipedia.org/wiki/Bor%C3%A7ka
ishan-church,İşhan Church,İşhan Kilisesi,Black Sea,Artvin,heritage,gem,False,40.78565,41.74698,ERZ,Erzurum (ERZ),≈5h40,135,130,Apr–Jun and Sep–Oct; the access road is dangerous in ice and snow,Free,https://en.wikipedia.org/wiki/Ishkhani
kafkasor-yaylasi,Kafkasör Plateau,Kafkasör Yaylası,Black Sea,Artvin,mountain,gem,False,41.18333,41.81806,KSY,Kars Harakani (KSY),≈6h00,170,165,"Late Jun for the festival, Jul–Sep for quiet; cold and often snowed in Dec–Mar",Free,https://en.wikipedia.org/wiki/Artvin
camili-macahel,Camili (Macahel) Biosphere Reserve,Camili (Macahel) Biyosfer Rezervi,Black Sea,Artvin,nature,gem,False,41.13333,41.85,KSY,Kars Harakani (KSY),≈6h00,160,155,Jun–Sep; the Çavuşlar pass is snow-blocked roughly Nov–May and the valley is then reachable only through Georgia,Free,https://en.wikipedia.org/wiki/Artvin_Province
ardanuc-cehennem-canyon,Ardanuç and the Cehennem Canyon,Ardanuç ve Cehennem Deresi Kanyonu,Black Sea,Artvin,water,gem,False,41.12861,42.05917,KSY,Kars Harakani (KSY),≈6h00,140,135,Apr–Jun and Sep–Oct; the canyon floor is baking in July–August,Free,https://en.wikipedia.org/wiki/Ardanu%C3%A7
karagol-sahara-national-park,Karagöl-Sahara National Park,Karagöl-Sahara Milli Parkı,Black Sea,Artvin,nature,gem,False,41.21667,42.45,KSY,Kars Harakani (KSY),≈6h00,120,115,Jun–Sep; the park roads are snowbound Nov–May,≈₺80 (€1.70) per vehicle at the park gate,https://en.wikipedia.org/wiki/Karag%C3%B6l-Sahara_National_Park
yesemek-quarry,Yesemek Quarry,Yesemek Açık Hava Müzesi,Southeastern Anatolia,Gaziantep,ruins,gem,False,36.89306,36.74444,GZT,Gaziantep (GZT),≈5h20,85,80,Apr–Jun and Sep–Oct,₺100 (≈€2.20),https://en.wikipedia.org/wiki/Yesemek_Quarry_and_Sculpture_Workshop
kilis-mutfagi,Kilis Old Town and Kitchen,Kilis,Southeastern Anatolia,Kilis,city,gem,False,36.71667,37.11667,GZT,Gaziantep (GZT),≈5h20,55,55,Oct–May — summer is fierce,Free,https://en.wikipedia.org/wiki/Kilis
oylum-hoyuk,Oylum Höyük,Oylum Höyük,Southeastern Anatolia,Kilis,ruins,gem,False,36.69778,37.18056,GZT,Gaziantep (GZT),≈5h20,50,50,Mar–May and Oct–Nov · dig season is summer,Free,"https://en.wikipedia.org/wiki/Oylum,_Kilis"
dulukbaba,Dülük and Keber Tepe,Dülük (Doliche),Southeastern Anatolia,Gaziantep,ruins,gem,False,37.1535,37.36206,GZT,Gaziantep (GZT),≈5h20,35,35,Apr–Jun and Sep–Nov,Free,https://en.wikipedia.org/wiki/Doliche_(Commagene)
antep-bakircilar-carsisi,Bakırcılar Bazaar,Bakırcılar Çarşısı,Southeastern Anatolia,Gaziantep,city,gem,False,37.06583,37.37806,GZT,Gaziantep (GZT),≈5h20,20,20,"Year-round — mornings, when the hammering starts",Free,https://en.wikipedia.org/wiki/Gaziantep
emine-gogus-mutfak-muzesi,Emine Göğüş Culinary Museum,Emine Göğüş Mutfak Müzesi,Southeastern Anatolia,Gaziantep,heritage,gem,False,37.06583,37.37806,GZT,Gaziantep (GZT),≈5h20,20,20,Year-round,₺60 (≈€1.30),https://en.wikipedia.org/wiki/Gaziantep
sof-dagi,Sof Mountain,Sof Dağı,Southeastern Anatolia,Gaziantep,mountain,gem,False,37.06583,37.37806,GZT,Gaziantep (GZT),≈5h20,20,20,"Dec–Feb for snow, Jun–Sep as a heat escape",Free · ski lift charged separately in season,https://en.wikipedia.org/wiki/Gaziantep
gaziantep-castle,Gaziantep Castle,Gaziantep Kalesi,Southeastern Anatolia,Gaziantep,heritage,icon,False,37.0664,37.3833,GZT,Gaziantep (GZT),≈5h20,20,20,"Year-round — spring and autumn are pleasant, summer is not","Free to circle · interior fee when open, check locally",https://en.wikipedia.org/wiki/Gaziantep_Castle
zeugma-mosaic-museum,Zeugma Mosaic Museum,Zeugma Mozaik Müzesi,Southeastern Anatolia,Gaziantep,heritage,icon,False,37.07558,37.38561,GZT,Gaziantep (GZT),≈5h20,20,20,"Year-round — indoors and air-conditioned, which matters here",₺400 (≈€9) · covered by Museum Pass Türkiye,https://en.wikipedia.org/wiki/Zeugma_Mosaic_Museum
rumkale,Rumkale,Rumkale,Southeastern Anatolia,Gaziantep,heritage,gem,False,37.27194,37.83806,GZT,Gaziantep (GZT),≈5h20,65,65,Apr–Jun and Sep–Oct,"Free · access by boat only, ₺300–600 (≈€6–13)",https://en.wikipedia.org/wiki/Rumkale
besni,Besni Old Town,Eski Besni,Southeastern Anatolia,Adıyaman,village,gem,False,37.69417,37.86139,ADF,Adıyaman (ADF),≈5h50,70,70,Mar–May and Sep–Nov,Free,https://en.wikipedia.org/wiki/Besni
zeugma-ancient-city,Zeugma Ancient City,Zeugma Antik Kenti,Southeastern Anatolia,Gaziantep,ruins,gem,False,37.05861,37.86583,GZT,Gaziantep (GZT),≈5h20,50,50,Mar–May and Oct–Nov,₺150 (≈€3.30) · Museum Pass Türkiye accepted,https://en.wikipedia.org/wiki/Zeugma_(Commagene)
halfeti,Halfeti,Halfeti,Southeastern Anatolia,Şanlıurfa,village,icon,False,37.2289,37.9457,GZT,Gaziantep (GZT),≈5h20,70,70,Apr–Jun and Sep–Oct; the roses flower in spring,Free · boat trips ₺300–600 (≈€6–13) per person depending on route,https://en.wikipedia.org/wiki/Halfeti
birecik-bald-ibis,Birecik and the Bald Ibis,Birecik Kelaynak Üretme İstasyonu,Southeastern Anatolia,Şanlıurfa,nature,gem,False,37.025,37.97694,GZT,Gaziantep (GZT),≈5h20,60,60,"Mar–Jul, when the birds are at the colony; they are penned over winter",Free or a nominal fee · check opening before travelling,https://en.wikipedia.org/wiki/Birecik
perre,Perre Ancient City,Perre Antik Kenti,Southeastern Anatolia,Adıyaman,ruins,gem,False,37.79167,38.30111,ADF,Adıyaman (ADF),≈5h50,20,20,Mar–Nov,₺100 (≈€2.20),https://en.wikipedia.org/wiki/Perrhe
ataturk-dam,Atatürk Dam,Atatürk Barajı,Southeastern Anatolia,Şanlıurfa,water,gem,False,37.48167,38.3175,ADF,Adıyaman (ADF),≈5h50,40,40,Apr–Jun and Sep–Oct,Free · photography restricted at the dam itself,https://en.wikipedia.org/wiki/Atat%C3%BCrk_Dam
karakus-tumulus,Karakuş Tumulus,Karakuş Tümülüsü,Southeastern Anatolia,Adıyaman,ruins,gem,False,37.8694,38.588,ADF,Adıyaman (ADF),≈5h50,25,25,Apr–Oct,Free,https://en.wikipedia.org/wiki/Karaku%C5%9F_Tumulus
cendere-bridge,Cendere Bridge,Cendere Köprüsü,Southeastern Anatolia,Adıyaman,heritage,gem,False,37.9328,38.6085,ADF,Adıyaman (ADF),≈5h50,35,35,Apr–Oct,Free,https://en.wikipedia.org/wiki/Severan_Bridge
arsameia,Arsameia on the Nymphaios,Arsameia,Southeastern Anatolia,Adıyaman,ruins,gem,False,37.94278,38.65694,ADF,Adıyaman (ADF),≈5h50,35,35,Apr–Oct,Included in the Nemrut ticket,https://en.wikipedia.org/wiki/Arsameia
nemrut-dagi,Mount Nemrut,Nemrut Dağı,Southeastern Anatolia,Adıyaman,ruins,icon,True,37.98056,38.74083,ADF,Adıyaman (ADF),≈5h50,50,50,Late May–mid Oct — the summit road is closed by snow the rest of the year,₺500 (≈€11) · Museum Pass Türkiye accepted,https://en.wikipedia.org/wiki/Mount_Nemrut
balikligol-urfa,Balıklıgöl,Balıklıgöl,Southeastern Anatolia,Şanlıurfa,heritage,icon,False,37.14767,38.78449,GNY,Şanlıurfa GAP (GNY),≈5h40,45,45,"Year-round — evenings from Apr to Oct, when the courtyards fill",Free · citadel climb ₺60 (≈€1.30),https://en.wikipedia.org/wiki/Bal%C4%B1kl%C4%B1g%C3%B6l
urfa-bazaar,Şanlıurfa Covered Bazaar,Urfa Kapalı Çarşı,Southeastern Anatolia,Şanlıurfa,city,gem,False,37.15833,38.79167,GNY,Şanlıurfa GAP (GNY),≈5h40,45,45,Year-round — mornings; closed Sunday in parts,Free,https://en.wikipedia.org/wiki/Urfa
gobekli-tepe,Göbekli Tepe,Göbekli Tepe,Southeastern Anatolia,Şanlıurfa,ruins,icon,True,37.22361,38.92167,GNY,Şanlıurfa GAP (GNY),≈5h40,30,30,Apr–May and Oct–Nov — the shelter traps heat and July is punishing,₺700 (≈€15) · covered by Museum Pass Türkiye,https://en.wikipedia.org/wiki/G%C3%B6bekli_Tepe
harran,Harran,Harran,Southeastern Anatolia,Şanlıurfa,village,icon,False,36.87083,39.025,GNY,Şanlıurfa GAP (GNY),≈5h40,85,80,Mar–May and Oct–Nov — the plain hits 45 °C in summer,₺100 (≈€2.20) for the house complex · ruins free,https://en.wikipedia.org/wiki/Harran
karahan-tepe,Karahan Tepe,Karahan Tepe,Southeastern Anatolia,Şanlıurfa,ruins,gem,False,37.0925,39.30361,GNY,Şanlıurfa GAP (GNY),≈5h40,70,70,Apr–May and Oct–Nov,₺350 (≈€8) · Museum Pass Türkiye accepted,https://en.wikipedia.org/wiki/Karahan_Tepe
sogmatar,Soğmatar,Soğmatar,Southeastern Anatolia,Şanlıurfa,ruins,gem,False,36.99684,39.33747,GNY,Şanlıurfa GAP (GNY),≈5h40,80,75,Mar–May and Oct–Nov,Free · a tip to whoever unlocks the cave is customary,https://en.wikipedia.org/wiki/So%C4%9Fmatar
han-el-barur,Han el-Ba'rur,Han el-Ba'rur Kervansarayı,Southeastern Anatolia,Şanlıurfa,heritage,gem,False,36.87151,39.37441,GNY,Şanlıurfa GAP (GNY),≈5h40,100,95,Mar–May and Oct–Nov,Free,https://en.wikipedia.org/wiki/Han_el-Ba%27rur
cermik-travertines,Çermik Travertines,Çermik Haydarhan Travertenleri,Southeastern Anatolia,Diyarbakır,water,gem,False,38.13722,39.45111,EZS,Elazığ (EZS),≈5h40,70,70,Oct–May — the thermal water is best when the air is cold,Thermal pool entry around ₺100 (≈€2.20),https://en.wikipedia.org/wiki/%C3%87ermik
egil,Eğil,Eğil,Southeastern Anatolia,Diyarbakır,water,gem,False,38.25722,40.08472,DIY,Diyarbakır (DIY),≈5h40,55,55,Apr–Jun and Sep–Oct,Free · boat trips around ₺250 (≈€5.50) per person,https://en.wikipedia.org/wiki/E%C4%9Fil
on-gozlu-kopru,Ten-Eyed Bridge,On Gözlü Köprü,Southeastern Anatolia,Diyarbakır,heritage,gem,False,37.88719,40.22882,DIY,Diyarbakır (DIY),≈5h40,5,5,Apr–Jun and Sep–Oct,Free,https://en.wikipedia.org/wiki/Dicle_Bridge
diyarbakir-ulu-cami,Diyarbakır Great Mosque,Diyarbakır Ulu Camii,Southeastern Anatolia,Diyarbakır,heritage,gem,False,37.91248,40.23621,DIY,Diyarbakır (DIY),≈5h40,5,5,Year-round,Free · closed to visitors during prayers,https://en.wikipedia.org/wiki/Great_Mosque_of_Diyarbak%C4%B1r
diyarbakir-walls,Diyarbakır City Walls,Diyarbakır Surları,Southeastern Anatolia,Diyarbakır,heritage,icon,True,37.91627,40.23714,DIY,Diyarbakır (DIY),≈5h40,5,5,Mar–May and Oct–Nov — the basalt radiates heat in summer,Free · some bastions have a small fee,https://en.wikipedia.org/wiki/Walls_of_Diyarbak%C4%B1r
zerzevan-kalesi,Zerzevan Castle,Zerzevan Kalesi,Southeastern Anatolia,Diyarbakır,ruins,gem,False,37.60806,40.49917,DIY,Diyarbakır (DIY),≈5h40,55,55,Apr–Jun and Sep–Oct,₺150 (≈€3.30),https://en.wikipedia.org/wiki/Zerzevan_Castle
kasimiye-medrese,Kasımiye Madrasa,Kasımiye Medresesi,Southeastern Anatolia,Mardin,heritage,gem,False,37.30761,40.71981,MQM,Mardin (MQM),≈5h50,15,15,Year-round — spring and autumn,₺60 (≈€1.30),https://en.wikipedia.org/wiki/Kas%C4%B1miye_Madrasa
mardin-old-town,Mardin Old Town,Mardin,Southeastern Anatolia,Mardin,city,icon,False,37.31306,40.735,MQM,Mardin (MQM),≈5h50,20,20,Apr–May and Sep–Nov — July and August are brutal,Free · individual madrasas and museums ₺60–150 (≈€1.30–3.30),https://en.wikipedia.org/wiki/Mardin
deyrulzafaran,Deyrulzafaran Monastery,Deyrulzafaran Manastırı,Southeastern Anatolia,Mardin,heritage,icon,False,37.29944,40.7925,MQM,Mardin (MQM),≈5h50,20,20,Mar–Nov — closed to visitors during some services,₺100 (≈€2.20),https://en.wikipedia.org/wiki/Mor_Hananyo_Monastery
savur,Savur,Savur,Southeastern Anatolia,Mardin,village,gem,False,37.5375,40.88917,MQM,Mardin (MQM),≈5h50,55,55,Apr–Jun and Sep–Oct,Free,https://en.wikipedia.org/wiki/Savur
dara-ancient-city,Dara Ancient City,Dara Antik Kenti,Southeastern Anatolia,Mardin,ruins,gem,False,37.17778,40.94111,MQM,Mardin (MQM),≈5h50,35,35,Mar–May and Oct–Nov,₺100 (≈€2.20),https://en.wikipedia.org/wiki/Dara_(Mesopotamia)
hasuni-caves,Hasuni Caves,Hasuni Mağaraları,Southeastern Anatolia,Batman,ruins,gem,False,37.887,41.132,BAL,Batman (BAL),≈5h50,5,5,Mar–May and Oct–Nov,Free,"https://en.wikipedia.org/wiki/Batman,_Turkey"
malabadi-bridge,Malabadi Bridge,Malabadi Köprüsü,Southeastern Anatolia,Batman,heritage,gem,False,38.15361,41.20383,BAL,Batman (BAL),≈5h50,35,35,Apr–Jun and Sep–Oct,Free,https://en.wikipedia.org/wiki/Malabadi_Bridge
nusaybin,Nusaybin and Mor Yakup,Nusaybin,Southeastern Anatolia,Mardin,ruins,gem,False,37.075,41.21528,MQM,Mardin (MQM),≈5h50,70,70,Mar–May and Oct–Nov,₺60 (≈€1.30),https://en.wikipedia.org/wiki/Nusaybin
midyat,Midyat,Midyat,Southeastern Anatolia,Mardin,village,gem,False,37.41667,41.36972,NKT,Şırnak Şerafettin Elçi (NKT),≈6h10,80,75,Apr–May and Sep–Nov,Free · guesthouse courtyards usually welcome visitors for tea,https://en.wikipedia.org/wiki/Midyat
hasankeyf,Hasankeyf,Hasankeyf,Southeastern Anatolia,Batman,ruins,icon,False,37.71472,41.41306,BAL,Batman (BAL),≈5h50,45,45,Apr–Jun and Sep–Oct,₺100 (≈€2.20) for the castle and cave city,https://en.wikipedia.org/wiki/Hasankeyf
mor-gabriel,Mor Gabriel Monastery,Mor Gabriel Manastırı,Southeastern Anatolia,Mardin,heritage,gem,False,37.32178,41.5385,NKT,Şırnak Şerafettin Elçi (NKT),≈6h10,60,60,Mar–Nov — visiting hours are limited and strictly kept,Free · donation expected,https://en.wikipedia.org/wiki/Mor_Gabriel_Monastery
botan-valley,Botan Valley,Botan Vadisi,Southeastern Anatolia,Siirt,water,gem,False,37.89767,41.95264,SXZ,Siirt (SXZ),≈6h00,15,15,"Apr–Jun for water, Sep–Oct for walking",Free · rafting operators charge separately,https://en.wikipedia.org/wiki/Botan_Valley_National_Park
tillo-aydinlar,Tillo,Tillo (Aydınlar),Southeastern Anatolia,Siirt,village,gem,False,37.95083,42.01333,SXZ,Siirt (SXZ),≈6h00,20,20,Apr–Jun and Sep–Oct; the light event falls near the equinoxes,Free,https://en.wikipedia.org/wiki/Tillo
siirt-buryan,Siirt Büryan and the Old Bazaar,Siirt Büryan Kebabı,Southeastern Anatolia,Siirt,city,gem,False,37.86469,42.05103,SXZ,Siirt (SXZ),≈6h00,30,30,"Year-round — go early, they sell out by mid-morning",A büryan portion runs about ₺250 (≈€5.50),https://en.wikipedia.org/wiki/B%C3%BCryan_kebab%C4%B1
cizre-bridge,Cizre and the Tigris,Cizre,Southeastern Anatolia,Şırnak,heritage,gem,False,37.332,42.187,NKT,Şırnak Şerafettin Elçi (NKT),≈6h10,15,15,Mar–May and Oct–Nov — summer here is among the hottest in the country,Free,https://en.wikipedia.org/wiki/Cizre
cudi-dagi,Mount Cudi,Cudi Dağı,Southeastern Anatolia,Şırnak,mountain,gem,False,37.36944,42.34417,NKT,Şırnak Şerafettin Elçi (NKT),≈6h10,35,35,May–Oct for the high ground,Free · access subject to local permission and security conditions,https://en.wikipedia.org/wiki/Mount_Judi
darende-tohma,Darende and the Tohma Canyon,Darende ve Tohma Kanyonu,Eastern Anatolia,Malatya,water,gem,False,38.54722,37.51111,MLX,Malatya Erhaç (MLX),≈5h30,70,70,Apr–Jun and Sep–Oct; the shrine is busiest at weekends and religious holidays,Free · boat and cable car charged separately,https://en.wikipedia.org/wiki/Darende
levent-valley,Levent Valley,Levent Vadisi,Eastern Anatolia,Malatya,water,gem,False,38.345,37.96861,MLX,Malatya Erhaç (MLX),≈5h30,20,20,Apr–Jun and Sep–Oct; summer is too hot for the walls and the floor floods with the spring melt,Free,https://en.wikipedia.org/wiki/Ak%C3%A7ada%C4%9F
gunpinar-waterfall,Günpınar Waterfall,Günpınar Şelalesi,Eastern Anatolia,Malatya,water,gem,False,38.48417,38.13639,MLX,Malatya Erhaç (MLX),≈5h30,10,10,May–Oct; the terraces ice over and the access road gets slippery in winter,Free · small parking fee,https://en.wikipedia.org/wiki/Malatya_Province
malatya-apricots,Malatya Apricots and the Sire Pazarı,Malatya Kayısısı ve Sire Pazarı,Eastern Anatolia,Malatya,city,icon,False,38.35018,38.31667,MLX,Malatya Erhaç (MLX),≈5h30,30,30,Jul–Aug for the harvest and the drying trays; the market trades all year,Free,https://en.wikipedia.org/wiki/Malatya
aslantepe,Arslantepe Mound,Arslantepe Höyüğü,Eastern Anatolia,Malatya,ruins,icon,True,38.38194,38.36111,MLX,Malatya Erhaç (MLX),≈5h30,30,30,Apr–Jun and Sep–Oct; the plain reaches 40 °C in July and August with no shade on the mound,Small fee — check locally · covered by Museum Pass Türkiye,https://en.wikipedia.org/wiki/Arslantepe
battalgazi,Battalgazi (Old Malatya),Battalgazi (Eski Malatya),Eastern Anatolia,Malatya,heritage,gem,False,38.42278,38.36556,MLX,Malatya Erhaç (MLX),≈5h30,30,30,"Apr–Jun and Sep–Oct; blossom in early April, 40 °C in the July orchards",Free · small fee at the han,https://en.wikipedia.org/wiki/Battalgazi
kemaliye-egin,Kemaliye (Eğin),Kemaliye,Eastern Anatolia,Erzincan,village,gem,False,39.26083,38.49667,MLX,Malatya Erhaç (MLX),≈5h30,130,125,May–Oct; the Taş Yolu tunnels are unlit and the gorge road is grim in winter,Free · canyon boat trip ≈€10,https://en.wikipedia.org/wiki/Kemaliye
keban-dam,Keban Dam,Keban Barajı,Eastern Anatolia,Elazığ,water,icon,False,38.80694,38.75694,EZS,Elazığ (EZS),≈5h40,65,65,Apr–Jun and Sep–Oct; the reservoir shore is dusty and low by late summer,Free · no public access to the structure,https://en.wikipedia.org/wiki/Keban_Dam
munzur-springs,Munzur Springs,Munzur Gözeleri,Eastern Anatolia,Tunceli,water,gem,False,39.445,39.034,ERC,Erzincan (ERC),≈5h40,65,65,Jun–Sep; the road up is often blocked by snow outside that,Free,https://en.wikipedia.org/wiki/Munzur_Mountains
ovacik-plateau,Ovacık and the Munzur Pastures,Ovacık ve Munzur Yaylaları,Eastern Anatolia,Tunceli,mountain,gem,False,39.35861,39.21639,ERC,Erzincan (ERC),≈5h40,60,60,Jun–Sep for the pastures; the district is snowbound and half-empty Dec–Mar,Free,"https://en.wikipedia.org/wiki/Ovac%C4%B1k,_Tunceli"
buzluk-cave,Buzluk Cave,Buzluk Mağarası,Eastern Anatolia,Elazığ,water,gem,False,38.67444,39.22278,EZS,Elazığ (EZS),≈5h40,10,10,"Jul–Aug for maximum ice, which is the opposite of what you would expect",Free · no facilities on site,https://en.wikipedia.org/wiki/Elaz%C4%B1%C4%9F
harput,Harput,Harput,Eastern Anatolia,Elazığ,heritage,icon,False,38.705,39.25139,EZS,Elazığ (EZS),≈5h40,15,15,May–Jun and Sep–Oct; the plateau is windy and cold from November onward,Free · small fee at the castle when it is open,https://en.wikipedia.org/wiki/Harpoot
pertek-castle,Pertek Castle,Pertek Kalesi,Eastern Anatolia,Tunceli,heritage,gem,False,38.844,39.271,EZS,Elazığ (EZS),≈5h40,35,35,Apr–Jun and Sep–Oct; the reservoir is at its lowest and least attractive in late summer,Free from the water · small fee if a boatman lands you,https://en.wikipedia.org/wiki/Pertek_Castle
munzur-valley-national-park,Munzur Valley National Park,Munzur Vadisi Millî Parkı,Eastern Anatolia,Tunceli,nature,icon,False,39.27694,39.2925,ERC,Erzincan (ERC),≈5h40,70,70,May–Oct; the high country holds snow into June and the road can be cut in winter,Free,https://en.wikipedia.org/wiki/Munzur_Valley_National_Park
halvori-gozeleri,Halvori Springs,Halbori Gözeleri,Eastern Anatolia,Tunceli,water,gem,False,39.28,39.35,ERC,Erzincan (ERC),≈5h40,65,65,Jun–Sep; the water is too cold and the road too rough outside summer,Free · platforms and meals charged by the restaurants,https://en.wikipedia.org/wiki/Tunceli_Province
hazar-lake,Lake Hazar and the Sunken City,Hazar Gölü ve Batık Şehir,Eastern Anatolia,Elazığ,water,icon,False,38.48333,39.41667,EZS,Elazığ (EZS),≈5h40,25,25,Jul–Sep for swimming and the lowest water; windy and cold the rest of the year,Free · dive trips charged by the club,https://en.wikipedia.org/wiki/Lake_Hazar
ergan-mountain,Ergan Mountain,Ergan Dağı,Eastern Anatolia,Erzincan,mountain,gem,False,39.68,39.47,ERC,Erzincan (ERC),≈5h40,10,10,"Jan–Mar for snow, Jun–Sep for the meadows and the ride up",Gondola ≈€5 return · ski day pass ≈€12,https://en.wikipedia.org/wiki/Erzincan
altintepe,Altıntepe,Altıntepe,Eastern Anatolia,Erzincan,ruins,gem,False,39.69639,39.64667,ERC,Erzincan (ERC),≈5h40,15,15,Apr–Oct; the mound is exposed and there is no shade or shelter,Free,https://en.wikipedia.org/wiki/Alt%C4%B1ntepe
girlevik-waterfall,Girlevik Waterfall,Girlevik Şelalesi,Eastern Anatolia,Erzincan,water,gem,False,39.65,39.68,ERC,Erzincan (ERC),≈5h40,20,20,Apr–Jun at full flow; late Jan–Feb for the frozen face,Free · small parking charge,https://en.wikipedia.org/wiki/Erzincan
pulumur-valley,Pülümür Valley,Pülümür Vadisi,Eastern Anatolia,Tunceli,drive,gem,False,39.48639,39.89806,ERC,Erzincan (ERC),≈5h40,50,50,May–Oct; the pass at the Erzincan end closes with snow in winter,Free,https://en.wikipedia.org/wiki/P%C3%BCl%C3%BCm%C3%BCr
palu,Palu,Palu,Eastern Anatolia,Elazığ,ruins,gem,False,38.70389,39.95111,EZS,Elazığ (EZS),≈5h40,75,75,Apr–Jun and Sep–Oct; the cliff is exposed and July is brutally hot,Free,"https://en.wikipedia.org/wiki/Palu,_Elaz%C4%B1%C4%9F"
kral-kizi-kalesi,Kral Kızı Castle,Kral Kızı Kalesi,Eastern Anatolia,Bingöl,ruins,gem,False,39.04111,40.67583,BGG,Bingöl (BGG),≈5h50,30,30,"Apr–Jun and Sep–Oct; scrub and snakes in high summer, mud in winter",Free,https://en.wikipedia.org/wiki/Bing%C3%B6l_Province
yuzen-ada,Bingöl Floating Islands,Yüzen Adalar,Eastern Anatolia,Bingöl,nature,gem,False,38.9724,40.9451,BGG,Bingöl (BGG),≈5h50,40,40,May–Sep; the lake freezes and the track is poor in winter,Free,https://en.wikipedia.org/wiki/Floating_islands_(Bing%C3%B6l)
yakutiye-medrese,Yakutiye Medrese,Yakutiye Medresesi,Eastern Anatolia,Erzurum,heritage,icon,False,39.9064,41.2721,ERZ,Erzurum (ERZ),≈5h40,15,15,Year-round — it is one of the few Erzurum sights that works in a January blizzard,Small fee — check locally · covered by Museum Pass Türkiye,https://en.wikipedia.org/wiki/Yakutiye_Madrasa
cag-kebabi-erzurum,Cağ Kebabı,Cağ Kebabı,Eastern Anatolia,Erzurum,city,gem,False,39.9086,41.2769,ERZ,Erzurum (ERZ),≈5h40,15,15,Year-round; a plate of it after a January morning outside is the point,Free · roughly €2 a skewer,https://en.wikipedia.org/wiki/Ca%C4%9F_kebab%C4%B1
cifte-minareli-medrese,Çifte Minareli Medrese,Çifte Minareli Medrese,Eastern Anatolia,Erzurum,heritage,icon,False,39.9056,41.2784,ERZ,Erzurum (ERZ),≈5h40,15,15,May–Oct; Dec–Mar the courtyard is under snow and the stone is punishing to touch,Small fee — check locally · covered by Museum Pass Türkiye,"https://en.wikipedia.org/wiki/%C3%87ifte_Minareli_Medrese,_Erzurum"
palandoken-ski,Palandöken,Palandöken,Eastern Anatolia,Erzurum,mountain,icon,False,39.84889,41.28417,ERZ,Erzurum (ERZ),≈5h40,20,20,Dec–Mar for skiing; summer is dull grassy slopes and an empty gondola,Day pass ≈€25–30,https://en.wikipedia.org/wiki/Paland%C3%B6ken_Mountain
mus-old-town,Muş Old Town and Castle,Eski Muş ve Muş Kalesi,Eastern Anatolia,Muş,city,gem,False,38.73333,41.49111,MSR,Muş (MSR),≈5h50,20,20,May–Jun and Sep–Oct; the plain bakes in July and the hill is snowbound in winter,Free,https://en.wikipedia.org/wiki/Mu%C5%9F
oshki-monastery,Öşkvank (Oshki) Monastery,Öşkvank Kilisesi,Eastern Anatolia,Erzurum,heritage,gem,False,40.61371,41.54211,ERZ,Erzurum (ERZ),≈5h40,105,100,Apr–Jun and Sep–Oct; the Tortum valley is hot in midsummer and icy in winter,Free,https://en.wikipedia.org/wiki/Oshki
mus-plain-tulips,Muş Plain Tulips,Muş Ovası Lale Tarlaları,Eastern Anatolia,Muş,nature,gem,False,38.78,41.55,MSR,Muş (MSR),≈5h50,15,15,"Late Apr to mid-May only, and the exact fortnight shifts with the winter",Free,https://en.wikipedia.org/wiki/Mu%C5%9F_Plain
tortum-waterfall,Tortum Waterfall and Lake,Tortum Şelalesi ve Tortum Gölü,Eastern Anatolia,Erzurum,water,gem,False,40.65707,41.65861,ERZ,Erzurum (ERZ),≈5h40,115,110,May–Jul when the hydro plant releases enough water; by September the fall can be a trickle,Free · small parking charge,https://en.wikipedia.org/wiki/Tortum_Waterfall
pasinler-castle,Pasinler,Pasinler,Eastern Anatolia,Erzurum,heritage,gem,False,39.97972,41.67556,ERZ,Erzurum (ERZ),≈5h40,55,55,Apr–Oct for the castle; the thermal baths make sense even in deep winter,Free · baths a few euros,https://en.wikipedia.org/wiki/Pasinler
aslanli-han,Aslanlı Han,Aslanlı Han,Eastern Anatolia,Muş,heritage,gem,False,39.00056,41.82722,MSR,Muş (MSR),≈5h50,40,40,Year-round; the interior is cool in summer and freezing in winter,Free,https://en.wikipedia.org/wiki/Mu%C5%9F_Province
narman-fairy-chimneys,Narman Fairy Chimneys,Narman Peribacaları,Eastern Anatolia,Erzurum,nature,gem,False,40.34722,41.86833,ERZ,Erzurum (ERZ),≈5h40,95,90,May–Oct; the access track is mud or snow from November,Free,https://en.wikipedia.org/wiki/Narman
bitlis-castle-ulu-cami,Bitlis Castle and the Great Mosque,Bitlis Kalesi ve Ulu Camii,Eastern Anatolia,Bitlis,heritage,gem,False,38.4,42.10833,SXZ,Siirt (SXZ),≈6h00,70,70,May–Oct; the gorge is icy and grey from December to March,Free,https://en.wikipedia.org/wiki/Bitlis
bitlis-bazaar,Bitlis Old Bazaar,Bitlis Eski Çarşı,Eastern Anatolia,Bitlis,city,gem,False,38.38694,42.11667,SXZ,Siirt (SXZ),≈6h00,65,65,Sep–Nov after the honey and walnut harvests; Fridays are the busiest day,Free,https://en.wikipedia.org/wiki/Bitlis_Province
nemrut-crater-lake,Nemrut Crater Lake,Nemrut Kalderası,Eastern Anatolia,Bitlis,mountain,icon,False,38.63778,42.23861,MSR,Muş (MSR),≈5h50,65,65,"Late Jun–Oct once the crater road clears; snow closes it Nov–May, when it becomes a ski-touring objective",Free,https://en.wikipedia.org/wiki/Lake_Nemrut
van-lake-ferry,Lake Van Train Ferry,Van Gölü Feribotu,Eastern Anatolia,Bitlis,drive,gem,False,38.50222,42.28139,MSR,Muş (MSR),≈5h50,80,75,"Year-round, but sailings are weather-dependent and the timetable shifts constantly",A few lira for foot passengers — buy at the pier,https://en.wikipedia.org/wiki/Tatvan
ahlat-seljuk-cemetery,Ahlat Seljuk Cemetery,Ahlat Selçuklu Mezarlığı,Eastern Anatolia,Bitlis,heritage,icon,False,38.75465,42.48333,MSR,Muş (MSR),≈5h50,95,90,"May–Jun and Sep–Oct; green in spring, gold in autumn, under deep snow Dec–Mar",Free,https://en.wikipedia.org/wiki/Tombstones_of_Ahlat
malazgirt,Malazgirt,Malazgirt,Eastern Anatolia,Muş,heritage,icon,False,39.14472,42.53917,AJI,Ağrı Ahmed-i Hani (AJI),≈6h00,90,85,May–Jun and Sep; the anniversary events fall in late August and fill the town,Free · small fee at the museum,https://en.wikipedia.org/wiki/Battle_of_Manzikert
sarikamis,Sarıkamış,Sarıkamış,Eastern Anatolia,Kars,mountain,icon,False,40.33806,42.57306,KSY,Kars Harakani (KSY),≈6h00,70,70,Late Dec–Mar for snow; Jun–Sep for forest walks and cold clear nights,Day pass ≈€20 · memorial free,https://en.wikipedia.org/wiki/Sar%C4%B1kam%C4%B1%C5%9F
posof,Posof,Posof,Eastern Anatolia,Ardahan,village,gem,False,41.51167,42.72917,KSY,Kars Harakani (KSY),≈6h00,145,140,Jun–Oct; heavy snow and low cloud from November,Free,https://en.wikipedia.org/wiki/Posof
kef-castle-adilcevaz,"Kef Castle, Adilcevaz",Kef Kalesi,Eastern Anatolia,Bitlis,ruins,gem,False,38.80583,42.74694,VAN,Van Ferit Melen (VAN),≈6h00,80,75,Jun–Sep; the track is impassable with snow or mud outside that window,Free,https://en.wikipedia.org/wiki/Adilcevaz
bahcesaray-karabet-pass,Bahçesaray and the Karabet Pass,Bahçesaray ve Karabet Geçidi,Eastern Anatolia,Van,drive,gem,False,38.12861,42.8075,VAN,Van Ferit Melen (VAN),≈6h00,75,75,Late Jun–Sep only; the pass is closed by snow from roughly November to May,Free,"https://en.wikipedia.org/wiki/Bah%C3%A7esaray,_Van"
lake-van,Lake Van,Van Gölü,Eastern Anatolia,Van,water,icon,False,38.63333,42.81667,VAN,Van Ferit Melen (VAN),≈6h00,65,65,Jun–Sep for swimming; the shore roads stay open all year but the winter wind off the water is savage,Free,https://en.wikipedia.org/wiki/Lake_Van
ilgar-pass,Ilgar Pass,Ilgar Geçidi,Eastern Anatolia,Ardahan,drive,gem,False,41.11306,42.82083,KSY,Kars Harakani (KSY),≈6h00,85,80,Jun–Sep; snow gates close it or reduce it to one lane from November to April,Free,https://en.wikipedia.org/wiki/Ardahan_Province
suphan-dagi,Mount Süphan,Süphan Dağı,Eastern Anatolia,Bitlis,mountain,gem,False,38.93,42.83,VAN,Van Ferit Melen (VAN),≈6h00,90,85,Jul–Sep for the summit; snow lingers on the upper cone until late June,Free · notify the local jandarma post before climbing,https://en.wikipedia.org/wiki/Mount_S%C3%BCphan
damal,Damal,Damal,Eastern Anatolia,Ardahan,village,gem,False,41.34167,42.84167,KSY,Kars Harakani (KSY),≈6h00,115,110,15 Jun–15 Sep only — the shadow needs that sun angle and a cloudless evening,Free,https://en.wikipedia.org/wiki/Damal
akdamar-island,Akdamar Island and Gevaş,Akdamar Adası ve Gevaş,Eastern Anatolia,Van,heritage,icon,False,38.3403,43.0369,VAN,Van Ferit Melen (VAN),≈6h00,40,40,May–Jun and Sep–Oct; boats can be cancelled in strong wind any month,≈€8 church · boat ≈€6 return · Museum Pass covers the church,"https://en.wikipedia.org/wiki/Cathedral_of_the_Holy_Cross,_Aghtamar"
carpanak-island,Çarpanak Island,Çarpanak Adası,Eastern Anatolia,Van,coast,gem,False,38.60655,43.08558,VAN,Van Ferit Melen (VAN),≈6h00,35,35,May–Jun and Sep for boats and nesting gulls; no service in winter,"Free to land · boat hire ≈₺2,500 (≈€55) per boat return",https://en.wikipedia.org/wiki/%C3%87arpanak_Island
kars-castle-old-town,Kars Castle and the Russian Quarter,Kars Kalesi ve Rus Mahallesi,Eastern Anatolia,Kars,heritage,icon,False,40.61361,43.08972,KSY,Kars Harakani (KSY),≈6h00,10,10,May–Oct; Jan–Feb is genuinely arctic but the snowbound streets are the atmosphere Pamuk wrote about,Free,https://en.wikipedia.org/wiki/Castle_of_Kars
dogu-ekspresi,Doğu Express,Doğu Ekspresi,Eastern Anatolia,Kars,drive,icon,False,40.6078,43.0958,KSY,Kars Harakani (KSY),≈6h00,5,5,Dec–Feb for the snow the trip is famous for; Jun–Sep is greener and far easier to book,Sleeper Ankara–Kars ≈€25–45,https://en.wikipedia.org/wiki/Eastern_Express
kars-kasari,Kars Kaşarı and Highland Honey,Kars Kaşarı ve Yayla Balı,Eastern Anatolia,Kars,city,gem,False,40.6078,43.0958,KSY,Kars Harakani (KSY),≈6h00,5,5,Jun–Sep for the meadows and fresh production; cheese cellars are open year-round,Free · tastings a few euros,https://en.wikipedia.org/wiki/Kars
gevas-halime-hatun,Gevaş and the Halime Hatun Tomb,Gevaş ve Halime Hatun Kümbeti,Eastern Anatolia,Van,heritage,gem,False,38.29778,43.10556,VAN,Van Ferit Melen (VAN),≈6h00,35,35,Apr–Oct; the field is mud and grey stone in winter,Free,https://en.wikipedia.org/wiki/Geva%C5%9F
seytan-castle,Şeytan Castle,Şeytan Kalesi,Eastern Anatolia,Ardahan,heritage,gem,False,41.1541,43.1313,KSY,Kars Harakani (KSY),≈6h00,85,80,Jun–Sep; the approach path is ice or mud outside those months,Free,https://en.wikipedia.org/wiki/%C5%9Eeytan_Castle
ayanis-fortress,Ayanis Fortress,Ayanis Kalesi,Eastern Anatolia,Van,ruins,gem,False,38.70148,43.21316,VAN,Van Ferit Melen (VAN),≈6h00,35,35,May–Jun and Sep–Oct; the track in is rough and the hill has no shade,Free,https://en.wikipedia.org/wiki/Ayanis
cildir-lake,Lake Çıldır,Çıldır Gölü,Eastern Anatolia,Kars,water,gem,False,41.0425,43.25528,KSY,Kars Harakani (KSY),≈6h00,70,70,Jan–Feb for ice and sleds; Jun–Sep for birds and the ring road,Free · sled ride ≈€10–15 per person,https://en.wikipedia.org/wiki/Lake_%C3%87%C4%B1ld%C4%B1r
van-fortress,Van Fortress and the Old City,Van Kalesi ve Eski Van Şehri,Eastern Anatolia,Van,heritage,icon,False,38.5025,43.34,VAN,Van Ferit Melen (VAN),≈6h00,5,5,Apr–Jun and Sep–Oct; the ridge is exposed and there is no shade at all,Small fee — check locally · covered by Museum Pass Türkiye,https://en.wikipedia.org/wiki/Van_Fortress
van-cat,Van Cat Research Centre,Van Kedi Araştırma Merkezi,Eastern Anatolia,Van,nature,icon,False,38.51231,43.37528,VAN,Van Ferit Melen (VAN),≈6h00,10,10,Year-round; kittens are most numerous Apr–Jul,Small fee — check locally,https://en.wikipedia.org/wiki/Van_cat
van-kahvalti,Van Breakfast Street,Van Kahvaltı Sokağı,Eastern Anatolia,Van,city,icon,False,38.49417,43.38,VAN,Van Ferit Melen (VAN),≈6h00,5,5,Year-round — the reliable Van pleasure when the weather ruins everything else,About ₺500–700 (≈€11–16) per person for the full spread,"https://en.wikipedia.org/wiki/Van,_Turkey"
cavustepe,Çavuştepe,Çavuştepe Urartu Kalesi,Eastern Anatolia,Van,ruins,gem,False,38.32326,43.4079,VAN,Van Ferit Melen (VAN),≈6h00,25,25,"Apr–Jun and Sep–Oct; the ridge is bare, with no shade and no water on site",Small fee — check locally · covered by Museum Pass Türkiye,https://en.wikipedia.org/wiki/%C3%87avu%C5%9Ftepe
samram-canal,Semiramis Canal,Şamram Kanalı,Eastern Anatolia,Van,ruins,gem,False,38.32326,43.4079,VAN,Van Ferit Melen (VAN),≈6h00,25,25,Apr–Jun when the channel is full and the fields either side are green,Free,https://en.wikipedia.org/wiki/Menua_Canal
balik-golu,Balık Gölü,Balık Gölü,Eastern Anatolia,Ağrı,water,gem,False,39.75,43.56667,IGD,Iğdır (IGD),≈6h10,50,50,Jun–Sep only; the access road is under snow the rest of the year,Free,https://en.wikipedia.org/wiki/Lake_Bal%C4%B1k
ercek-lake,Lake Erçek,Erçek Gölü,Eastern Anatolia,Van,water,gem,False,38.67,43.57,VAN,Van Ferit Melen (VAN),≈6h00,40,40,Apr–Jun and Sep–Oct for flamingos and waders; the edges freeze Dec–Feb,Free,https://en.wikipedia.org/wiki/Lake_Er%C3%A7ek
ani-ruins,Ani,Ani Harabeleri,Eastern Anatolia,Kars,ruins,icon,True,40.5075,43.57278,KSY,Kars Harakani (KSY),≈6h00,50,50,May–Jun and Sep–Oct; wind on the plateau is relentless and July midday is fierce,≈€15 · covered by Museum Pass Türkiye,https://en.wikipedia.org/wiki/Ani
tuzluca-salt-caves,Tuzluca Salt Caves,Tuzluca Tuz Mağaraları,Eastern Anatolia,Iğdır,water,gem,False,40.04944,43.66083,IGD,Iğdır (IGD),≈6h10,25,25,Year-round; the constant cave temperature makes it a good July escape,Small fee — check locally,https://en.wikipedia.org/wiki/Tuzluca
diyadin-hot-springs,Diyadin Hot Springs,Diyadin Kaplıcaları,Eastern Anatolia,Ağrı,water,gem,False,39.54,43.67722,IGD,Iğdır (IGD),≈6h10,65,65,"Oct–Apr is when a scalding pool at 1,800 m makes most sense; open all year",Small fee — check locally,https://en.wikipedia.org/wiki/Diyadin
zap-valley,Zap Valley,Zap Vadisi,Eastern Anatolia,Hakkâri,drive,gem,False,37.45,43.75,YKO,Hakkari Yüksekova (YKO),≈6h20,60,60,May–Jun for high water and green slopes; the road is open all year but winter is grim,"Free · rafting trips from about ₺1,500 (≈€33)",https://en.wikipedia.org/wiki/Great_Zab
muradiye-waterfall,Muradiye Waterfall,Muradiye Şelalesi,Eastern Anatolia,Van,water,gem,False,38.99472,43.76806,VAN,Van Ferit Melen (VAN),≈6h00,90,85,May–Jun at full snowmelt; by late August the flow is thin and the picnic crowds heavy,Small parking fee — check locally,https://en.wikipedia.org/wiki/Muradiye
hosap-castle,Hoşap Castle,Hoşap Kalesi,Eastern Anatolia,Van,heritage,gem,False,38.31722,43.80167,VAN,Van Ferit Melen (VAN),≈6h00,55,55,Apr–Jun and Sep–Oct; snow can close the Başkale road between December and March,Small fee — check locally · covered by Museum Pass Türkiye,https://en.wikipedia.org/wiki/Ho%C5%9Fap_Castle
cilo-glacier,Cilo Mountains and the Cilo Glacier,Cilo Dağları ve Cilo Buzulu,Eastern Anatolia,Hakkâri,mountain,icon,False,37.5,43.96667,YKO,Hakkari Yüksekova (YKO),≈6h20,30,30,Jul–Sep only; snow lies on the approaches into July and weather closes in fast from mid-September,Free · a guide and jandarma notification are effectively required,https://en.wikipedia.org/wiki/Mount_Cilo
igdir-ararat-plain,Iğdır Plain and the Ararat Face,Iğdır Ovası ve Ağrı Dağı Manzarası,Eastern Anatolia,Iğdır,mountain,gem,False,39.92083,44.04444,IGD,Iğdır (IGD),≈6h10,20,20,Apr–Jun for blossom and snow on the cone; Jul–Aug is dusty and over 35 °C,Free,https://en.wikipedia.org/wiki/I%C4%9Fd%C4%B1r
bercelan-yayla,Berçelan Plateau,Berçelan Yaylası,Eastern Anatolia,Hakkâri,mountain,gem,False,37.46611,44.06444,YKO,Hakkari Yüksekova (YKO),≈6h20,25,25,Jun–Sep for the pastures; deep snow and a small ski lift in winter,Free,https://en.wikipedia.org/wiki/Hakk%C3%A2ri_Province
dogubayazit-meteor-crater,Doğubayazıt Meteor Crater,Meteor Çukuru,Eastern Anatolia,Ağrı,nature,gem,False,39.54722,44.08333,IGD,Iğdır (IGD),≈6h10,65,65,Apr–Oct; the side road is exposed and drifts shut in winter,Free,https://en.wikipedia.org/wiki/Do%C4%9Fubayaz%C4%B1t
hakkari-meydan-medresesi,"Meydan Medresesi, Hakkari",Meydan Medresesi,Eastern Anatolia,Hakkâri,heritage,gem,False,37.49536,44.10548,YKO,Hakkari Yüksekova (YKO),≈6h20,15,15,Year-round; effectively the only indoor sight in town and useful in bad weather,Free or a token fee — check locally,https://en.wikipedia.org/wiki/Hakkari
ishak-pasha-palace,Ishak Pasha Palace,İshak Paşa Sarayı,Eastern Anatolia,Ağrı,heritage,icon,False,39.52048,44.12898,IGD,Iğdır (IGD),≈6h10,70,70,"Apr–Oct; the glass roof makes summer midday hot, and the road ices in winter",≈€8 · covered by Museum Pass Türkiye,https://en.wikipedia.org/wiki/Ishak_Pasha_Palace
sat-lakes,Sat Lakes,Sat Buzul Gölleri,Eastern Anatolia,Hakkâri,water,gem,False,37.569,44.283,YKO,Hakkari Yüksekova (YKO),≈6h20,5,5,Late Jul–Sep; snow blocks the approach for the rest of the year,Free · check current access with the jandarma before setting out,https://en.wikipedia.org/wiki/Y%C3%BCksekova
mount-ararat,Mount Ararat,Ağrı Dağı,Eastern Anatolia,Ağrı,mountain,icon,False,39.7019,44.2983,IGD,Iğdır (IGD),≈6h10,60,60,Jul–Sep for the climb; the mountain is visible year-round when haze allows,Guided permit climb ≈€400–700 for 4 days,https://en.wikipedia.org/wiki/Mount_Ararat
